[2026-08-28 14:18:53,714][INFO]:  Importing File: C:/Users/nanaimoBurger/Documents/kiced/stemthortyto/stemthortyto.kicad_pcb
[2026-08-28 14:18:53,736][INFO]:  Adding companion document: C:/Users/nanaimoBurger/Documents/kiced/stemthortyto/stemthortyto.kicad_sch
[2026-08-28 14:18:53,988][INFO]:  Processing documents list
[2026-08-28 14:18:53,988][INFO]:  Reading document: stemthortyto.kicad_pcb
[2026-08-28 14:18:54,009][WARN]:  KiCad PCB Board Reader: Unsupported keyword: 'covering' of parentNode 'setup' at line: 154
[2026-08-28 14:18:54,009][WARN]:  KiCad PCB Board Reader: Unsupported keyword: 'plugging' of parentNode 'setup' at line: 158
[2026-08-28 14:18:54,010][WARN]:  KiCad PCB Board Reader: Unsupported keyword: 'capping' of parentNode 'setup' at line: 162
[2026-08-28 14:18:54,010][WARN]:  KiCad PCB Board Reader: Unsupported keyword: 'filling' of parentNode 'setup' at line: 163
[2026-08-28 14:18:54,010][WARN]:  KiCad PCB Board Reader: Unsupported keyword: 'units' of parentNode 'footprint' at line: 268
[2026-08-28 14:18:54,010][WARN]:  KiCad PCB Board Reader: Unsupported keyword: 'duplicate_pad_numbers_are_jumpers' of parentNode 'footprint' at line: 275
[2026-08-28 14:18:54,010][WARN]:  KiCad PCB Board Reader: Unsupported keyword: 'units' of parentNode 'footprint' at line: 421
[2026-08-28 14:18:54,010][WARN]:  KiCad PCB Board Reader: Unsupported keyword: 'duplicate_pad_numbers_are_jumpers' of parentNode 'footprint' at line: 428
[2026-08-28 14:18:54,010][WARN]:  KiCad PCB Board Reader: Unsupported keyword: 'units' of parentNode 'footprint' at line: 580
[2026-08-28 14:18:54,010][WARN]:  KiCad PCB Board Reader: Unsupported keyword: 'duplicate_pad_numbers_are_jumpers' of parentNode 'footprint' at line: 587
[2026-08-28 14:18:54,010][WARN]:  KiCad PCB Board Reader: Unsupported keyword: 'units' of parentNode 'footprint' at line: 733
[2026-08-28 14:18:54,010][WARN]:  KiCad PCB Board Reader: Unsupported keyword: 'duplicate_pad_numbers_are_jumpers' of parentNode 'footprint' at line: 740
[2026-08-28 14:18:54,011][WARN]:  KiCad PCB Board Reader: Unsupported keyword: 'units' of parentNode 'footprint' at line: 886
[2026-08-28 14:18:54,011][WARN]:  KiCad PCB Board Reader: Unsupported keyword: 'duplicate_pad_numbers_are_jumpers' of parentNode 'footprint' at line: 893
[2026-08-28 14:18:54,011][WARN]:  KiCad PCB Board Reader: Unsupported keyword: 'units' of parentNode 'footprint' at line: 1039
[2026-08-28 14:18:54,011][WARN]:  KiCad PCB Board Reader: Unsupported keyword: 'duplicate_pad_numbers_are_jumpers' of parentNode 'footprint' at line: 1046
[2026-08-28 14:18:54,011][WARN]:  KiCad PCB Board Reader: Unsupported keyword: 'units' of parentNode 'footprint' at line: 1192
[2026-08-28 14:18:54,011][WARN]:  KiCad PCB Board Reader: Unsupported keyword: 'duplicate_pad_numbers_are_jumpers' of parentNode 'footprint' at line: 1199
[2026-08-28 14:18:54,011][WARN]:  KiCad PCB Board Reader: Unsupported keyword: 'units' of parentNode 'footprint' at line: 1345
[2026-08-28 14:18:54,011][WARN]:  KiCad PCB Board Reader: Unsupported keyword: 'duplicate_pad_numbers_are_jumpers' of parentNode 'footprint' at line: 1352
[2026-08-28 14:18:54,011][WARN]:  KiCad PCB Board Reader: Unsupported keyword: 'units' of parentNode 'footprint' at line: 1490
[2026-08-28 14:18:54,011][WARN]:  KiCad PCB Board Reader: Unsupported keyword: 'duplicate_pad_numbers_are_jumpers' of parentNode 'footprint' at line: 1497
[2026-08-28 14:18:54,011][WARN]:  KiCad PCB Board Reader: Unsupported keyword: 'units' of parentNode 'footprint' at line: 1775
[2026-08-28 14:18:54,011][WARN]:  KiCad PCB Board Reader: Unsupported keyword: 'duplicate_pad_numbers_are_jumpers' of parentNode 'footprint' at line: 1782
[2026-08-28 14:18:54,011][WARN]:  KiCad PCB Board Reader: Unsupported keyword: 'units' of parentNode 'footprint' at line: 1928
[2026-08-28 14:18:54,011][WARN]:  KiCad PCB Board Reader: Unsupported keyword: 'duplicate_pad_numbers_are_jumpers' of parentNode 'footprint' at line: 1935
[2026-08-28 14:18:54,011][WARN]:  KiCad PCB Board Reader: Unsupported keyword: 'units' of parentNode 'footprint' at line: 2081
[2026-08-28 14:18:54,011][WARN]:  KiCad PCB Board Reader: Unsupported keyword: 'duplicate_pad_numbers_are_jumpers' of parentNode 'footprint' at line: 2088
[2026-08-28 14:18:54,011][WARN]:  KiCad PCB Board Reader: Unsupported keyword: 'units' of parentNode 'footprint' at line: 2240
[2026-08-28 14:18:54,011][WARN]:  KiCad PCB Board Reader: Unsupported keyword: 'duplicate_pad_numbers_are_jumpers' of parentNode 'footprint' at line: 2247
[2026-08-28 14:18:54,011][WARN]:  KiCad PCB Board Reader: Unsupported keyword: 'units' of parentNode 'footprint' at line: 2399
[2026-08-28 14:18:54,011][WARN]:  KiCad PCB Board Reader: Unsupported keyword: 'duplicate_pad_numbers_are_jumpers' of parentNode 'footprint' at line: 2406
[2026-08-28 14:18:54,011][WARN]:  KiCad PCB Board Reader: Unsupported keyword: 'units' of parentNode 'footprint' at line: 2552
[2026-08-28 14:18:54,011][WARN]:  KiCad PCB Board Reader: Unsupported keyword: 'duplicate_pad_numbers_are_jumpers' of parentNode 'footprint' at line: 2559
[2026-08-28 14:18:54,011][WARN]:  KiCad PCB Board Reader: Unsupported keyword: 'units' of parentNode 'footprint' at line: 2705
[2026-08-28 14:18:54,011][WARN]:  KiCad PCB Board Reader: Unsupported keyword: 'duplicate_pad_numbers_are_jumpers' of parentNode 'footprint' at line: 2712
[2026-08-28 14:18:54,011][WARN]:  KiCad PCB Board Reader: Unsupported keyword: 'units' of parentNode 'footprint' at line: 2858
[2026-08-28 14:18:54,011][WARN]:  KiCad PCB Board Reader: Unsupported keyword: 'duplicate_pad_numbers_are_jumpers' of parentNode 'footprint' at line: 2865
[2026-08-28 14:18:54,011][WARN]:  KiCad PCB Board Reader: Unsupported keyword: 'units' of parentNode 'footprint' at line: 3011
[2026-08-28 14:18:54,011][WARN]:  KiCad PCB Board Reader: Unsupported keyword: 'duplicate_pad_numbers_are_jumpers' of parentNode 'footprint' at line: 3018
[2026-08-28 14:18:54,011][WARN]:  KiCad PCB Board Reader: Unsupported keyword: 'units' of parentNode 'footprint' at line: 3170
[2026-08-28 14:18:54,011][WARN]:  KiCad PCB Board Reader: Unsupported keyword: 'duplicate_pad_numbers_are_jumpers' of parentNode 'footprint' at line: 3177
[2026-08-28 14:18:54,011][WARN]:  KiCad PCB Board Reader: Unsupported keyword: 'units' of parentNode 'footprint' at line: 3323
[2026-08-28 14:18:54,011][WARN]:  KiCad PCB Board Reader: Unsupported keyword: 'duplicate_pad_numbers_are_jumpers' of parentNode 'footprint' at line: 3330
[2026-08-28 14:18:54,011][WARN]:  KiCad PCB Board Reader: Unsupported keyword: 'units' of parentNode 'footprint' at line: 3476
[2026-08-28 14:18:54,011][WARN]:  KiCad PCB Board Reader: Unsupported keyword: 'duplicate_pad_numbers_are_jumpers' of parentNode 'footprint' at line: 3483
[2026-08-28 14:18:54,011][WARN]:  KiCad PCB Board Reader: Unsupported keyword: 'units' of parentNode 'footprint' at line: 3635
[2026-08-28 14:18:54,011][WARN]:  KiCad PCB Board Reader: Unsupported keyword: 'duplicate_pad_numbers_are_jumpers' of parentNode 'footprint' at line: 3642
[2026-08-28 14:18:54,011][WARN]:  KiCad PCB Board Reader: Unsupported keyword: 'units' of parentNode 'footprint' at line: 3811
[2026-08-28 14:18:54,011][WARN]:  KiCad PCB Board Reader: Unsupported keyword: 'duplicate_pad_numbers_are_jumpers' of parentNode 'footprint' at line: 3834
[2026-08-28 14:18:54,012][WARN]:  KiCad PCB Board Reader: Unsupported keyword: 'units' of parentNode 'footprint' at line: 5809
[2026-08-28 14:18:54,012][WARN]:  KiCad PCB Board Reader: Unsupported keyword: 'duplicate_pad_numbers_are_jumpers' of parentNode 'footprint' at line: 5816
[2026-08-28 14:18:54,012][WARN]:  KiCad PCB Board Reader: Unsupported keyword: 'units' of parentNode 'footprint' at line: 5962
[2026-08-28 14:18:54,012][WARN]:  KiCad PCB Board Reader: Unsupported keyword: 'duplicate_pad_numbers_are_jumpers' of parentNode 'footprint' at line: 5969
[2026-08-28 14:18:54,012][WARN]:  KiCad PCB Board Reader: Unsupported keyword: 'units' of parentNode 'footprint' at line: 6115
[2026-08-28 14:18:54,012][WARN]:  KiCad PCB Board Reader: Unsupported keyword: 'duplicate_pad_numbers_are_jumpers' of parentNode 'footprint' at line: 6122
[2026-08-28 14:18:54,012][WARN]:  KiCad PCB Board Reader: Unsupported keyword: 'units' of parentNode 'footprint' at line: 6291
[2026-08-28 14:18:54,012][WARN]:  KiCad PCB Board Reader: Unsupported keyword: 'duplicate_pad_numbers_are_jumpers' of parentNode 'footprint' at line: 6310
[2026-08-28 14:18:54,012][WARN]:  KiCad PCB Board Reader: Unsupported keyword: 'units' of parentNode 'footprint' at line: 9605
[2026-08-28 14:18:54,012][WARN]:  KiCad PCB Board Reader: Unsupported keyword: 'duplicate_pad_numbers_are_jumpers' of parentNode 'footprint' at line: 9612
[2026-08-28 14:18:54,012][WARN]:  KiCad PCB Board Reader: Unsupported keyword: 'units' of parentNode 'footprint' at line: 9764
[2026-08-28 14:18:54,012][WARN]:  KiCad PCB Board Reader: Unsupported keyword: 'duplicate_pad_numbers_are_jumpers' of parentNode 'footprint' at line: 9771
[2026-08-28 14:18:54,012][WARN]:  KiCad PCB Board Reader: Unsupported keyword: 'units' of parentNode 'footprint' at line: 9917
[2026-08-28 14:18:54,012][WARN]:  KiCad PCB Board Reader: Unsupported keyword: 'duplicate_pad_numbers_are_jumpers' of parentNode 'footprint' at line: 9924
[2026-08-28 14:18:54,012][WARN]:  KiCad PCB Board Reader: Unsupported keyword: 'units' of parentNode 'footprint' at line: 10070
[2026-08-28 14:18:54,012][WARN]:  KiCad PCB Board Reader: Unsupported keyword: 'duplicate_pad_numbers_are_jumpers' of parentNode 'footprint' at line: 10077
[2026-08-28 14:18:54,014][WARN]:  KiCad PCB Board Reader: Unsupported keyword: 'units' of parentNode 'footprint' at line: 10229
[2026-08-28 14:18:54,014][WARN]:  KiCad PCB Board Reader: Unsupported keyword: 'duplicate_pad_numbers_are_jumpers' of parentNode 'footprint' at line: 10236
[2026-08-28 14:18:54,014][WARN]:  KiCad PCB Board Reader: Unsupported keyword: 'units' of parentNode 'footprint' at line: 10388
[2026-08-28 14:18:54,014][WARN]:  KiCad PCB Board Reader: Unsupported keyword: 'duplicate_pad_numbers_are_jumpers' of parentNode 'footprint' at line: 10395
[2026-08-28 14:18:54,014][WARN]:  KiCad PCB Board Reader: Unsupported keyword: 'units' of parentNode 'footprint' at line: 10541
[2026-08-28 14:18:54,014][WARN]:  KiCad PCB Board Reader: Unsupported keyword: 'duplicate_pad_numbers_are_jumpers' of parentNode 'footprint' at line: 10548
[2026-08-28 14:18:54,014][WARN]:  KiCad PCB Board Reader: Unsupported keyword: 'units' of parentNode 'footprint' at line: 10694
[2026-08-28 14:18:54,014][WARN]:  KiCad PCB Board Reader: Unsupported keyword: 'duplicate_pad_numbers_are_jumpers' of parentNode 'footprint' at line: 10701
[2026-08-28 14:18:54,014][WARN]:  KiCad PCB Board Reader: Unsupported keyword: 'units' of parentNode 'footprint' at line: 10853
[2026-08-28 14:18:54,014][WARN]:  KiCad PCB Board Reader: Unsupported keyword: 'duplicate_pad_numbers_are_jumpers' of parentNode 'footprint' at line: 10860
[2026-08-28 14:18:54,014][WARN]:  KiCad PCB Board Reader: Unsupported keyword: 'units' of parentNode 'footprint' at line: 11006
[2026-08-28 14:18:54,014][WARN]:  KiCad PCB Board Reader: Unsupported keyword: 'duplicate_pad_numbers_are_jumpers' of parentNode 'footprint' at line: 11013
[2026-08-28 14:18:54,014][WARN]:  KiCad PCB Board Reader: Unsupported keyword: 'units' of parentNode 'footprint' at line: 11360
[2026-08-28 14:18:54,014][WARN]:  KiCad PCB Board Reader: Unsupported keyword: 'duplicate_pad_numbers_are_jumpers' of parentNode 'footprint' at line: 11367
[2026-08-28 14:18:54,014][WARN]:  KiCad PCB Board Reader: Unsupported keyword: 'units' of parentNode 'footprint' at line: 11513
[2026-08-28 14:18:54,014][WARN]:  KiCad PCB Board Reader: Unsupported keyword: 'duplicate_pad_numbers_are_jumpers' of parentNode 'footprint' at line: 11520
[2026-08-28 14:18:54,014][WARN]:  KiCad PCB Board Reader: Unsupported keyword: 'units' of parentNode 'footprint' at line: 11666
[2026-08-28 14:18:54,014][WARN]:  KiCad PCB Board Reader: Unsupported keyword: 'duplicate_pad_numbers_are_jumpers' of parentNode 'footprint' at line: 11673
[2026-08-28 14:18:54,014][WARN]:  KiCad PCB Board Reader: Unsupported keyword: 'units' of parentNode 'footprint' at line: 11819
[2026-08-28 14:18:54,014][WARN]:  KiCad PCB Board Reader: Unsupported keyword: 'duplicate_pad_numbers_are_jumpers' of parentNode 'footprint' at line: 11826
[2026-08-28 14:18:54,014][WARN]:  KiCad PCB Board Reader: Unsupported keyword: 'units' of parentNode 'footprint' at line: 11957
[2026-08-28 14:18:54,014][WARN]:  KiCad PCB Board Reader: Unsupported keyword: 'duplicate_pad_numbers_are_jumpers' of parentNode 'footprint' at line: 12115
[2026-08-28 14:18:54,018][WARN]:  KiCad PCB Board Reader: Unsupported keyword: 'units' of parentNode 'footprint' at line: 23722
[2026-08-28 14:18:54,018][WARN]:  KiCad PCB Board Reader: Unsupported keyword: 'duplicate_pad_numbers_are_jumpers' of parentNode 'footprint' at line: 23729
[2026-08-28 14:18:54,018][WARN]:  KiCad PCB Board Reader: Unsupported keyword: 'units' of parentNode 'footprint' at line: 23875
[2026-08-28 14:18:54,018][WARN]:  KiCad PCB Board Reader: Unsupported keyword: 'duplicate_pad_numbers_are_jumpers' of parentNode 'footprint' at line: 23882
[2026-08-28 14:18:54,018][WARN]:  KiCad PCB Board Reader: Unsupported keyword: 'units' of parentNode 'footprint' at line: 24028
[2026-08-28 14:18:54,018][WARN]:  KiCad PCB Board Reader: Unsupported keyword: 'duplicate_pad_numbers_are_jumpers' of parentNode 'footprint' at line: 24035
[2026-08-28 14:18:54,018][WARN]:  KiCad PCB Board Reader: Unsupported keyword: 'units' of parentNode 'footprint' at line: 24181
[2026-08-28 14:18:54,018][WARN]:  KiCad PCB Board Reader: Unsupported keyword: 'duplicate_pad_numbers_are_jumpers' of parentNode 'footprint' at line: 24188
[2026-08-28 14:18:54,018][WARN]:  KiCad PCB Board Reader: Unsupported keyword: 'units' of parentNode 'footprint' at line: 24428
[2026-08-28 14:18:54,018][WARN]:  KiCad PCB Board Reader: Unsupported keyword: 'duplicate_pad_numbers_are_jumpers' of parentNode 'footprint' at line: 24437
[2026-08-28 14:18:54,019][WARN]:  KiCad PCB Board Reader: Unsupported keyword: 'units' of parentNode 'footprint' at line: 24940
[2026-08-28 14:18:54,019][WARN]:  KiCad PCB Board Reader: Unsupported keyword: 'duplicate_pad_numbers_are_jumpers' of parentNode 'footprint' at line: 24947
[2026-08-28 14:18:54,019][WARN]:  KiCad PCB Board Reader: Unsupported keyword: 'units' of parentNode 'footprint' at line: 25093
[2026-08-28 14:18:54,019][WARN]:  KiCad PCB Board Reader: Unsupported keyword: 'duplicate_pad_numbers_are_jumpers' of parentNode 'footprint' at line: 25100
[2026-08-28 14:18:54,019][WARN]:  KiCad PCB Board Reader: Unsupported keyword: 'units' of parentNode 'footprint' at line: 25252
[2026-08-28 14:18:54,019][WARN]:  KiCad PCB Board Reader: Unsupported keyword: 'duplicate_pad_numbers_are_jumpers' of parentNode 'footprint' at line: 25259
[2026-08-28 14:18:54,019][WARN]:  KiCad PCB Board Reader: Unsupported keyword: 'units' of parentNode 'footprint' at line: 25405
[2026-08-28 14:18:54,019][WARN]:  KiCad PCB Board Reader: Unsupported keyword: 'duplicate_pad_numbers_are_jumpers' of parentNode 'footprint' at line: 25412
[2026-08-28 14:18:54,019][WARN]:  KiCad PCB Board Reader: Unsupported keyword: 'units' of parentNode 'footprint' at line: 25564
[2026-08-28 14:18:54,019][WARN]:  KiCad PCB Board Reader: Unsupported keyword: 'duplicate_pad_numbers_are_jumpers' of parentNode 'footprint' at line: 25571
[2026-08-28 14:18:54,019][WARN]:  KiCad PCB Board Reader: Unsupported keyword: 'units' of parentNode 'footprint' at line: 25723
[2026-08-28 14:18:54,019][WARN]:  KiCad PCB Board Reader: Unsupported keyword: 'duplicate_pad_numbers_are_jumpers' of parentNode 'footprint' at line: 25730
[2026-08-28 14:18:54,019][WARN]:  KiCad PCB Board Reader: Unsupported keyword: 'units' of parentNode 'footprint' at line: 25876
[2026-08-28 14:18:54,019][WARN]:  KiCad PCB Board Reader: Unsupported keyword: 'duplicate_pad_numbers_are_jumpers' of parentNode 'footprint' at line: 25883
[2026-08-28 14:18:54,019][WARN]:  KiCad PCB Board Reader: Unsupported keyword: 'units' of parentNode 'footprint' at line: 26029
[2026-08-28 14:18:54,019][WARN]:  KiCad PCB Board Reader: Unsupported keyword: 'duplicate_pad_numbers_are_jumpers' of parentNode 'footprint' at line: 26036
[2026-08-28 14:18:54,019][WARN]:  KiCad PCB Board Reader: Unsupported keyword: 'units' of parentNode 'footprint' at line: 26182
[2026-08-28 14:18:54,019][WARN]:  KiCad PCB Board Reader: Unsupported keyword: 'duplicate_pad_numbers_are_jumpers' of parentNode 'footprint' at line: 26189
[2026-08-28 14:18:54,019][WARN]:  KiCad PCB Board Reader: Unsupported keyword: 'units' of parentNode 'footprint' at line: 26341
[2026-08-28 14:18:54,019][WARN]:  KiCad PCB Board Reader: Unsupported keyword: 'duplicate_pad_numbers_are_jumpers' of parentNode 'footprint' at line: 26348
[2026-08-28 14:18:54,019][WARN]:  KiCad PCB Board Reader: Unsupported keyword: 'units' of parentNode 'footprint' at line: 26494
[2026-08-28 14:18:54,019][WARN]:  KiCad PCB Board Reader: Unsupported keyword: 'duplicate_pad_numbers_are_jumpers' of parentNode 'footprint' at line: 26501
[2026-08-28 14:18:54,019][WARN]:  KiCad PCB Board Reader: Unsupported keyword: 'units' of parentNode 'footprint' at line: 26660
[2026-08-28 14:18:54,019][WARN]:  KiCad PCB Board Reader: Unsupported keyword: 'duplicate_pad_numbers_are_jumpers' of parentNode 'footprint' at line: 26667
[2026-08-28 14:18:54,019][WARN]:  KiCad PCB Board Reader: Unsupported keyword: 'units' of parentNode 'footprint' at line: 26870
[2026-08-28 14:18:54,019][WARN]:  KiCad PCB Board Reader: Unsupported keyword: 'duplicate_pad_numbers_are_jumpers' of parentNode 'footprint' at line: 26877
[2026-08-28 14:18:54,019][WARN]:  KiCad PCB Board Reader: Unsupported keyword: 'image' of parentNode 'kicad_pcb' at line: 27069
[2026-08-28 14:18:54,019][WARN]:  KiCad PCB Board Reader: Unsupported keyword: 'image' of parentNode 'kicad_pcb' at line: 27717
[2026-08-28 14:18:54,019][WARN]:  KiCad PCB Board Reader: Unsupported keyword: 'image' of parentNode 'kicad_pcb' at line: 29124
[2026-08-28 14:18:54,019][WARN]:  KiCad PCB Board Reader: Unsupported keyword: 'image' of parentNode 'kicad_pcb' at line: 30720
[2026-08-28 14:18:54,019][WARN]:  KiCad PCB Board Reader: Unsupported keyword: 'image' of parentNode 'kicad_pcb' at line: 31333
[2026-08-28 14:18:54,019][WARN]:  KiCad PCB Board Reader: Unsupported keyword: 'barcode' of parentNode 'kicad_pcb' at line: 33665
[2026-08-28 14:18:54,019][WARN]:  KiCad PCB Board Reader: Unsupported keyword: 'dimension' of parentNode 'kicad_pcb' at line: 33676
[2026-08-28 14:18:54,019][WARN]:  KiCad PCB Board Reader: Unsupported keyword: 'dimension' of parentNode 'kicad_pcb' at line: 33714
[2026-08-28 14:18:54,028][INFO]:  Converting document: 'C:/Users/nanaimoBurger/Documents/kiced/stemthortyto/stemthortyto.kicad_pcb'
[2026-08-28 14:18:56,795][WARN]:  KiCad Footprint Converter: SMD Aperture pads are not supported. Importing pad from line '309' as polygon shape.
[2026-08-28 14:18:56,795][WARN]:  KiCad Footprint Converter: SMD Aperture pads are not supported. Importing pad from line '316' as polygon shape.
[2026-08-28 14:18:56,798][INFO]:  KiCad Pcb Converter: Attribute name 'Description' from line 241 need to be changed to 'DESCRIPTION'
[2026-08-28 14:18:56,799][INFO]:  KiCad Pcb Converter: Attribute name 'KiLib_Generator' from line 252 need to be changed to 'KILIB_GENERATOR'
[2026-08-28 14:18:56,800][INFO]:  KiCad Pcb Converter: Attribute name 'Description' from line 394 need to be changed to 'DESCRIPTION'
[2026-08-28 14:18:56,801][INFO]:  KiCad Pcb Converter: Attribute name 'KiLib_Generator' from line 405 need to be changed to 'KILIB_GENERATOR'
[2026-08-28 14:18:56,801][INFO]:  KiCad Pcb Converter: Attribute name 'Description' from line 553 need to be changed to 'DESCRIPTION'
[2026-08-28 14:18:56,802][INFO]:  KiCad Pcb Converter: Attribute name 'KiLib_Generator' from line 564 need to be changed to 'KILIB_GENERATOR'
[2026-08-28 14:18:56,802][INFO]:  KiCad Pcb Converter: Attribute name 'Description' from line 706 need to be changed to 'DESCRIPTION'
[2026-08-28 14:18:56,803][INFO]:  KiCad Pcb Converter: Attribute name 'KiLib_Generator' from line 717 need to be changed to 'KILIB_GENERATOR'
[2026-08-28 14:18:56,803][INFO]:  KiCad Pcb Converter: Attribute name 'Description' from line 859 need to be changed to 'DESCRIPTION'
[2026-08-28 14:18:56,803][INFO]:  KiCad Pcb Converter: Attribute name 'KiLib_Generator' from line 870 need to be changed to 'KILIB_GENERATOR'
[2026-08-28 14:18:56,804][INFO]:  KiCad Pcb Converter: Attribute name 'Description' from line 1012 need to be changed to 'DESCRIPTION'
[2026-08-28 14:18:56,804][INFO]:  KiCad Pcb Converter: Attribute name 'KiLib_Generator' from line 1023 need to be changed to 'KILIB_GENERATOR'
[2026-08-28 14:18:56,804][WARN]:  KiCad Footprint Converter: SMD Aperture pads are not supported. Importing pad from line '1233' as polygon shape.
[2026-08-28 14:18:56,804][WARN]:  KiCad Footprint Converter: SMD Aperture pads are not supported. Importing pad from line '1240' as polygon shape.
[2026-08-28 14:18:56,805][INFO]:  KiCad Pcb Converter: Attribute name 'Description' from line 1165 need to be changed to 'DESCRIPTION'
[2026-08-28 14:18:56,805][INFO]:  KiCad Pcb Converter: Attribute name 'KiLib_Generator' from line 1176 need to be changed to 'KILIB_GENERATOR'
[2026-08-28 14:18:56,805][INFO]:  KiCad Pcb Converter: Attribute name 'Description' from line 1318 need to be changed to 'DESCRIPTION'
[2026-08-28 14:18:56,806][INFO]:  KiCad Pcb Converter: Attribute name 'KiLib_Generator' from line 1329 need to be changed to 'KILIB_GENERATOR'
[2026-08-28 14:18:56,806][WARN]:  KiCad Footprint Converter: Custom Shape pads are not supported. Importing pad from line '1661' as regular round pad. Pad geometries will be translated as footprint geometries.
[2026-08-28 14:18:56,807][INFO]:  KiCad Pcb Converter: Attribute name 'Datasheet' from line 1460 need to be changed to 'DATASHEET'
[2026-08-28 14:18:56,807][INFO]:  KiCad Pcb Converter: Attribute name 'Description' from line 1473 need to be changed to 'DESCRIPTION'
[2026-08-28 14:18:56,808][INFO]:  KiCad Pcb Converter: Attribute name 'Description' from line 1748 need to be changed to 'DESCRIPTION'
[2026-08-28 14:18:56,808][INFO]:  KiCad Pcb Converter: Attribute name 'KiLib_Generator' from line 1759 need to be changed to 'KILIB_GENERATOR'
[2026-08-28 14:18:56,809][INFO]:  KiCad Pcb Converter: Attribute name 'Description' from line 1901 need to be changed to 'DESCRIPTION'
[2026-08-28 14:18:56,809][INFO]:  KiCad Pcb Converter: Attribute name 'KiLib_Generator' from line 1912 need to be changed to 'KILIB_GENERATOR'
[2026-08-28 14:18:56,809][INFO]:  KiCad Pcb Converter: Attribute name 'Description' from line 2054 need to be changed to 'DESCRIPTION'
[2026-08-28 14:18:56,810][INFO]:  KiCad Pcb Converter: Attribute name 'KiLib_Generator' from line 2065 need to be changed to 'KILIB_GENERATOR'
[2026-08-28 14:18:56,810][INFO]:  KiCad Pcb Converter: Attribute name 'Description' from line 2213 need to be changed to 'DESCRIPTION'
[2026-08-28 14:18:56,810][INFO]:  KiCad Pcb Converter: Attribute name 'KiLib_Generator' from line 2224 need to be changed to 'KILIB_GENERATOR'
[2026-08-28 14:18:56,811][INFO]:  KiCad Pcb Converter: Attribute name 'Description' from line 2372 need to be changed to 'DESCRIPTION'
[2026-08-28 14:18:56,811][INFO]:  KiCad Pcb Converter: Attribute name 'KiLib_Generator' from line 2383 need to be changed to 'KILIB_GENERATOR'
[2026-08-28 14:18:56,811][INFO]:  KiCad Pcb Converter: Attribute name 'Description' from line 2525 need to be changed to 'DESCRIPTION'
[2026-08-28 14:18:56,811][INFO]:  KiCad Pcb Converter: Attribute name 'KiLib_Generator' from line 2536 need to be changed to 'KILIB_GENERATOR'
[2026-08-28 14:18:56,812][INFO]:  KiCad Pcb Converter: Attribute name 'Description' from line 2678 need to be changed to 'DESCRIPTION'
[2026-08-28 14:18:56,812][INFO]:  KiCad Pcb Converter: Attribute name 'KiLib_Generator' from line 2689 need to be changed to 'KILIB_GENERATOR'
[2026-08-28 14:18:56,812][INFO]:  KiCad Pcb Converter: Attribute name 'Description' from line 2831 need to be changed to 'DESCRIPTION'
[2026-08-28 14:18:56,812][INFO]:  KiCad Pcb Converter: Attribute name 'KiLib_Generator' from line 2842 need to be changed to 'KILIB_GENERATOR'
[2026-08-28 14:18:56,814][INFO]:  KiCad Pcb Converter: Attribute name 'Description' from line 2984 need to be changed to 'DESCRIPTION'
[2026-08-28 14:18:56,814][INFO]:  KiCad Pcb Converter: Attribute name 'KiLib_Generator' from line 2995 need to be changed to 'KILIB_GENERATOR'
[2026-08-28 14:18:56,814][INFO]:  KiCad Pcb Converter: Attribute name 'Description' from line 3143 need to be changed to 'DESCRIPTION'
[2026-08-28 14:18:56,815][INFO]:  KiCad Pcb Converter: Attribute name 'KiLib_Generator' from line 3154 need to be changed to 'KILIB_GENERATOR'
[2026-08-28 14:18:56,815][INFO]:  KiCad Pcb Converter: Attribute name 'Description' from line 3296 need to be changed to 'DESCRIPTION'
[2026-08-28 14:18:56,815][INFO]:  KiCad Pcb Converter: Attribute name 'KiLib_Generator' from line 3307 need to be changed to 'KILIB_GENERATOR'
[2026-08-28 14:18:56,816][INFO]:  KiCad Pcb Converter: Attribute name 'Description' from line 3449 need to be changed to 'DESCRIPTION'
[2026-08-28 14:18:56,816][INFO]:  KiCad Pcb Converter: Attribute name 'KiLib_Generator' from line 3460 need to be changed to 'KILIB_GENERATOR'
[2026-08-28 14:18:56,816][INFO]:  KiCad Pcb Converter: Attribute name 'Description' from line 3608 need to be changed to 'DESCRIPTION'
[2026-08-28 14:18:56,817][INFO]:  KiCad Pcb Converter: Attribute name 'KiLib_Generator' from line 3619 need to be changed to 'KILIB_GENERATOR'
[2026-08-28 14:18:56,818][INFO]:  KiCad Pcb Converter: Attribute name 'Datasheet' from line 3748 need to be changed to 'DATASHEET'
[2026-08-28 14:18:56,819][INFO]:  KiCad Pcb Converter: Attribute name 'LCSC Part' from line 3770 need to be changed to 'LCSC_PART'
[2026-08-28 14:18:56,820][INFO]:  KiCad Pcb Converter: Attribute name 'Manufacturer' from line 3782 need to be changed to 'MANUFACTURER'
[2026-08-28 14:18:56,831][INFO]:  KiCad Pcb Converter: Attribute name 'Description' from line 5782 need to be changed to 'DESCRIPTION'
[2026-08-28 14:18:56,831][INFO]:  KiCad Pcb Converter: Attribute name 'KiLib_Generator' from line 5793 need to be changed to 'KILIB_GENERATOR'
[2026-08-28 14:18:56,831][INFO]:  KiCad Pcb Converter: Attribute name 'Description' from line 5935 need to be changed to 'DESCRIPTION'
[2026-08-28 14:18:56,832][INFO]:  KiCad Pcb Converter: Attribute name 'KiLib_Generator' from line 5946 need to be changed to 'KILIB_GENERATOR'
[2026-08-28 14:18:56,832][INFO]:  KiCad Pcb Converter: Attribute name 'Description' from line 6088 need to be changed to 'DESCRIPTION'
[2026-08-28 14:18:56,832][INFO]:  KiCad Pcb Converter: Attribute name 'KiLib_Generator' from line 6099 need to be changed to 'KILIB_GENERATOR'
[2026-08-28 14:18:56,834][INFO]:  KiCad Pcb Converter: Attribute name 'Datasheet' from line 6228 need to be changed to 'DATASHEET'
[2026-08-28 14:18:56,836][INFO]:  KiCad Pcb Converter: Attribute name 'LCSC Part' from line 6250 need to be changed to 'LCSC_PART'
[2026-08-28 14:18:56,837][INFO]:  KiCad Pcb Converter: Attribute name 'Manufacturer' from line 6262 need to be changed to 'MANUFACTURER'
[2026-08-28 14:18:56,841][INFO]:  KiCad Pcb Converter: Attribute name 'Description' from line 9578 need to be changed to 'DESCRIPTION'
[2026-08-28 14:18:56,841][INFO]:  KiCad Pcb Converter: Attribute name 'KiLib_Generator' from line 9589 need to be changed to 'KILIB_GENERATOR'
[2026-08-28 14:18:56,842][INFO]:  KiCad Pcb Converter: Attribute name 'Description' from line 9737 need to be changed to 'DESCRIPTION'
[2026-08-28 14:18:56,842][INFO]:  KiCad Pcb Converter: Attribute name 'KiLib_Generator' from line 9748 need to be changed to 'KILIB_GENERATOR'
[2026-08-28 14:18:56,842][INFO]:  KiCad Pcb Converter: Attribute name 'Description' from line 9890 need to be changed to 'DESCRIPTION'
[2026-08-28 14:18:56,842][INFO]:  KiCad Pcb Converter: Attribute name 'KiLib_Generator' from line 9901 need to be changed to 'KILIB_GENERATOR'
[2026-08-28 14:18:56,842][INFO]:  KiCad Pcb Converter: Attribute name 'Description' from line 10043 need to be changed to 'DESCRIPTION'
[2026-08-28 14:18:56,844][INFO]:  KiCad Pcb Converter: Attribute name 'KiLib_Generator' from line 10054 need to be changed to 'KILIB_GENERATOR'
[2026-08-28 14:18:56,844][INFO]:  KiCad Pcb Converter: Attribute name 'Description' from line 10202 need to be changed to 'DESCRIPTION'
[2026-08-28 14:18:56,844][INFO]:  KiCad Pcb Converter: Attribute name 'KiLib_Generator' from line 10213 need to be changed to 'KILIB_GENERATOR'
[2026-08-28 14:18:56,845][INFO]:  KiCad Pcb Converter: Attribute name 'Description' from line 10361 need to be changed to 'DESCRIPTION'
[2026-08-28 14:18:56,845][INFO]:  KiCad Pcb Converter: Attribute name 'KiLib_Generator' from line 10372 need to be changed to 'KILIB_GENERATOR'
[2026-08-28 14:18:56,845][INFO]:  KiCad Pcb Converter: Attribute name 'Description' from line 10514 need to be changed to 'DESCRIPTION'
[2026-08-28 14:18:56,845][INFO]:  KiCad Pcb Converter: Attribute name 'KiLib_Generator' from line 10525 need to be changed to 'KILIB_GENERATOR'
[2026-08-28 14:18:56,846][INFO]:  KiCad Pcb Converter: Attribute name 'Description' from line 10667 need to be changed to 'DESCRIPTION'
[2026-08-28 14:18:56,846][INFO]:  KiCad Pcb Converter: Attribute name 'KiLib_Generator' from line 10678 need to be changed to 'KILIB_GENERATOR'
[2026-08-28 14:18:56,846][INFO]:  KiCad Pcb Converter: Attribute name 'Description' from line 10826 need to be changed to 'DESCRIPTION'
[2026-08-28 14:18:56,846][INFO]:  KiCad Pcb Converter: Attribute name 'KiLib_Generator' from line 10837 need to be changed to 'KILIB_GENERATOR'
[2026-08-28 14:18:56,847][INFO]:  KiCad Pcb Converter: Attribute name 'Datasheet' from line 10968 need to be changed to 'DATASHEET'
[2026-08-28 14:18:56,848][INFO]:  KiCad Pcb Converter: Attribute name 'Description' from line 10979 need to be changed to 'DESCRIPTION'
[2026-08-28 14:18:56,848][INFO]:  KiCad Pcb Converter: Attribute name 'KiLib_Generator' from line 10990 need to be changed to 'KILIB_GENERATOR'
[2026-08-28 14:18:56,849][INFO]:  KiCad Pcb Converter: Attribute name 'Description' from line 11333 need to be changed to 'DESCRIPTION'
[2026-08-28 14:18:56,849][INFO]:  KiCad Pcb Converter: Attribute name 'KiLib_Generator' from line 11344 need to be changed to 'KILIB_GENERATOR'
[2026-08-28 14:18:56,849][INFO]:  KiCad Pcb Converter: Attribute name 'Description' from line 11486 need to be changed to 'DESCRIPTION'
[2026-08-28 14:18:56,849][INFO]:  KiCad Pcb Converter: Attribute name 'KiLib_Generator' from line 11497 need to be changed to 'KILIB_GENERATOR'
[2026-08-28 14:18:56,850][INFO]:  KiCad Pcb Converter: Attribute name 'Description' from line 11639 need to be changed to 'DESCRIPTION'
[2026-08-28 14:18:56,850][INFO]:  KiCad Pcb Converter: Attribute name 'KiLib_Generator' from line 11650 need to be changed to 'KILIB_GENERATOR'
[2026-08-28 14:18:56,850][INFO]:  KiCad Pcb Converter: Attribute name 'Description' from line 11792 need to be changed to 'DESCRIPTION'
[2026-08-28 14:18:56,850][INFO]:  KiCad Pcb Converter: Attribute name 'KiLib_Generator' from line 11803 need to be changed to 'KILIB_GENERATOR'
[2026-08-28 14:18:56,857][INFO]:  KiCad Pcb Converter: Attribute name 'Description' from line 23695 need to be changed to 'DESCRIPTION'
[2026-08-28 14:18:56,857][INFO]:  KiCad Pcb Converter: Attribute name 'KiLib_Generator' from line 23706 need to be changed to 'KILIB_GENERATOR'
[2026-08-28 14:18:56,857][INFO]:  KiCad Pcb Converter: Attribute name 'Description' from line 23848 need to be changed to 'DESCRIPTION'
[2026-08-28 14:18:56,857][INFO]:  KiCad Pcb Converter: Attribute name 'KiLib_Generator' from line 23859 need to be changed to 'KILIB_GENERATOR'
[2026-08-28 14:18:56,858][INFO]:  KiCad Pcb Converter: Attribute name 'Description' from line 24001 need to be changed to 'DESCRIPTION'
[2026-08-28 14:18:56,858][INFO]:  KiCad Pcb Converter: Attribute name 'KiLib_Generator' from line 24012 need to be changed to 'KILIB_GENERATOR'
[2026-08-28 14:18:56,858][INFO]:  KiCad Pcb Converter: Attribute name 'Description' from line 24154 need to be changed to 'DESCRIPTION'
[2026-08-28 14:18:56,859][INFO]:  KiCad Pcb Converter: Attribute name 'KiLib_Generator' from line 24165 need to be changed to 'KILIB_GENERATOR'
[2026-08-28 14:18:56,860][INFO]:  KiCad Pcb Converter: Attribute name 'Description' from line 24311 need to be changed to 'DESCRIPTION'
[2026-08-28 14:18:56,861][INFO]:  KiCad Pcb Converter: Attribute name 'LCSC Part' from line 24322 need to be changed to 'LCSC_PART'
[2026-08-28 14:18:56,862][INFO]:  KiCad Pcb Converter: Attribute name 'Package' from line 24347 need to be changed to 'PACKAGE'
[2026-08-28 14:18:56,862][INFO]:  KiCad Pcb Converter: Attribute name 'Price' from line 24360 need to be changed to 'PRICE'
[2026-08-28 14:18:56,863][INFO]:  KiCad Pcb Converter: Attribute name 'SnapEDA_Link' from line 24373 need to be changed to 'SNAPEDA_LINK'
[2026-08-28 14:18:56,864][INFO]:  KiCad Pcb Converter: Attribute name 'Availability' from line 24399 need to be changed to 'AVAILABILITY'
[2026-08-28 14:18:56,864][INFO]:  KiCad Pcb Converter: Attribute name 'Check_prices' from line 24412 need to be changed to 'CHECK_PRICES'
[2026-08-28 14:18:56,865][INFO]:  KiCad Pcb Converter: Attribute name 'Description' from line 24913 need to be changed to 'DESCRIPTION'
[2026-08-28 14:18:56,865][INFO]:  KiCad Pcb Converter: Attribute name 'KiLib_Generator' from line 24924 need to be changed to 'KILIB_GENERATOR'
[2026-08-28 14:18:56,865][INFO]:  KiCad Pcb Converter: Attribute name 'Description' from line 25066 need to be changed to 'DESCRIPTION'
[2026-08-28 14:18:56,866][INFO]:  KiCad Pcb Converter: Attribute name 'KiLib_Generator' from line 25077 need to be changed to 'KILIB_GENERATOR'
[2026-08-28 14:18:56,866][INFO]:  KiCad Pcb Converter: Attribute name 'Description' from line 25225 need to be changed to 'DESCRIPTION'
[2026-08-28 14:18:56,866][INFO]:  KiCad Pcb Converter: Attribute name 'KiLib_Generator' from line 25236 need to be changed to 'KILIB_GENERATOR'
[2026-08-28 14:18:56,867][INFO]:  KiCad Pcb Converter: Attribute name 'Description' from line 25378 need to be changed to 'DESCRIPTION'
[2026-08-28 14:18:56,867][INFO]:  KiCad Pcb Converter: Attribute name 'KiLib_Generator' from line 25389 need to be changed to 'KILIB_GENERATOR'
[2026-08-28 14:18:56,867][INFO]:  KiCad Pcb Converter: Attribute name 'Description' from line 25537 need to be changed to 'DESCRIPTION'
[2026-08-28 14:18:56,867][INFO]:  KiCad Pcb Converter: Attribute name 'KiLib_Generator' from line 25548 need to be changed to 'KILIB_GENERATOR'
[2026-08-28 14:18:56,868][INFO]:  KiCad Pcb Converter: Attribute name 'Description' from line 25696 need to be changed to 'DESCRIPTION'
[2026-08-28 14:18:56,868][INFO]:  KiCad Pcb Converter: Attribute name 'KiLib_Generator' from line 25707 need to be changed to 'KILIB_GENERATOR'
[2026-08-28 14:18:56,869][INFO]:  KiCad Pcb Converter: Attribute name 'Description' from line 25849 need to be changed to 'DESCRIPTION'
[2026-08-28 14:18:56,869][INFO]:  KiCad Pcb Converter: Attribute name 'KiLib_Generator' from line 25860 need to be changed to 'KILIB_GENERATOR'
[2026-08-28 14:18:56,869][INFO]:  KiCad Pcb Converter: Attribute name 'Description' from line 26002 need to be changed to 'DESCRIPTION'
[2026-08-28 14:18:56,870][INFO]:  KiCad Pcb Converter: Attribute name 'KiLib_Generator' from line 26013 need to be changed to 'KILIB_GENERATOR'
[2026-08-28 14:18:56,870][INFO]:  KiCad Pcb Converter: Attribute name 'Description' from line 26155 need to be changed to 'DESCRIPTION'
[2026-08-28 14:18:56,870][INFO]:  KiCad Pcb Converter: Attribute name 'KiLib_Generator' from line 26166 need to be changed to 'KILIB_GENERATOR'
[2026-08-28 14:18:56,870][INFO]:  KiCad Pcb Converter: Attribute name 'Description' from line 26314 need to be changed to 'DESCRIPTION'
[2026-08-28 14:18:56,871][INFO]:  KiCad Pcb Converter: Attribute name 'KiLib_Generator' from line 26325 need to be changed to 'KILIB_GENERATOR'
[2026-08-28 14:18:56,871][INFO]:  KiCad Pcb Converter: Attribute name 'Description' from line 26467 need to be changed to 'DESCRIPTION'
[2026-08-28 14:18:56,871][INFO]:  KiCad Pcb Converter: Attribute name 'KiLib_Generator' from line 26478 need to be changed to 'KILIB_GENERATOR'
[2026-08-28 14:18:56,872][INFO]:  KiCad Pcb Converter: Attribute name 'Description' from line 26620 need to be changed to 'DESCRIPTION'
[2026-08-28 14:18:56,874][INFO]:  KiCad Pcb Converter: Attribute name 'KiLib_Generator' from line 26631 need to be changed to 'KILIB_GENERATOR'
[2026-08-28 14:18:56,874][INFO]:  KiCad Pcb Converter: Attribute name 'Sim.Pins' from line 26643 need to be changed to 'SIM_PINS'
[2026-08-28 14:18:56,874][INFO]:  KiCad Pcb Converter: Attribute name 'Description' from line 26843 need to be changed to 'DESCRIPTION'
[2026-08-28 14:18:56,875][INFO]:  KiCad Pcb Converter: Attribute name 'KiLib_Generator' from line 26854 need to be changed to 'KILIB_GENERATOR'
[2026-08-28 14:18:56,903][INFO]:  Finished processing document: 'C:/Users/nanaimoBurger/Documents/kiced/stemthortyto/stemthortyto.kicad_pcb'
[2026-08-28 14:18:56,903][INFO]:  Reading document: stemthortyto.kicad_sch
[2026-08-28 14:18:56,903][WARN]:  KiCad Schematic Reader: Unsupported keyword: 'in_pos_files' of parentNode 'symbol' at line: 24
[2026-08-28 14:18:56,903][WARN]:  KiCad Schematic Reader: Unsupported keyword: 'duplicate_pin_numbers_are_jumpers' of parentNode 'symbol' at line: 25
[2026-08-28 14:18:56,903][WARN]:  KiCad Schematic Reader: Unsupported keyword: 'in_pos_files' of parentNode 'symbol' at line: 151
[2026-08-28 14:18:56,903][WARN]:  KiCad Schematic Reader: Unsupported keyword: 'duplicate_pin_numbers_are_jumpers' of parentNode 'symbol' at line: 152
[2026-08-28 14:18:56,903][WARN]:  KiCad Schematic Reader: Unsupported keyword: 'in_pos_files' of parentNode 'symbol' at line: 307
[2026-08-28 14:18:56,903][WARN]:  KiCad Schematic Reader: Unsupported keyword: 'duplicate_pin_numbers_are_jumpers' of parentNode 'symbol' at line: 308
[2026-08-28 14:18:56,903][WARN]:  KiCad Schematic Reader: Unsupported keyword: 'in_pos_files' of parentNode 'symbol' at line: 507
[2026-08-28 14:18:56,903][WARN]:  KiCad Schematic Reader: Unsupported keyword: 'duplicate_pin_numbers_are_jumpers' of parentNode 'symbol' at line: 508
[2026-08-28 14:18:56,903][WARN]:  KiCad Schematic Reader: Unsupported keyword: 'in_pos_files' of parentNode 'symbol' at line: 648
[2026-08-28 14:18:56,903][WARN]:  KiCad Schematic Reader: Unsupported keyword: 'duplicate_pin_numbers_are_jumpers' of parentNode 'symbol' at line: 649
[2026-08-28 14:18:56,903][WARN]:  KiCad Schematic Reader: Unsupported keyword: 'in_pos_files' of parentNode 'symbol' at line: 785
[2026-08-28 14:18:56,903][WARN]:  KiCad Schematic Reader: Unsupported keyword: 'duplicate_pin_numbers_are_jumpers' of parentNode 'symbol' at line: 786
[2026-08-28 14:18:56,903][WARN]:  KiCad Schematic Reader: Unsupported keyword: 'in_pos_files' of parentNode 'symbol' at line: 1370
[2026-08-28 14:18:56,903][WARN]:  KiCad Schematic Reader: Unsupported keyword: 'duplicate_pin_numbers_are_jumpers' of parentNode 'symbol' at line: 1371
[2026-08-28 14:18:56,905][WARN]:  KiCad Schematic Reader: Unsupported keyword: 'in_pos_files' of parentNode 'symbol' at line: 24902
[2026-08-28 14:18:56,905][WARN]:  KiCad Schematic Reader: Unsupported keyword: 'duplicate_pin_numbers_are_jumpers' of parentNode 'symbol' at line: 24903
[2026-08-28 14:18:56,905][WARN]:  KiCad Schematic Reader: Unsupported keyword: 'in_pos_files' of parentNode 'symbol' at line: 25259
[2026-08-28 14:18:56,905][WARN]:  KiCad Schematic Reader: Unsupported keyword: 'duplicate_pin_numbers_are_jumpers' of parentNode 'symbol' at line: 25260
[2026-08-28 14:18:56,905][WARN]:  KiCad Schematic Reader: Unsupported keyword: 'in_pos_files' of parentNode 'symbol' at line: 25485
[2026-08-28 14:18:56,905][WARN]:  KiCad Schematic Reader: Unsupported keyword: 'duplicate_pin_numbers_are_jumpers' of parentNode 'symbol' at line: 25486
[2026-08-28 14:18:56,906][WARN]:  KiCad Schematic Reader: Unsupported keyword: 'in_pos_files' of parentNode 'symbol' at line: 29214
[2026-08-28 14:18:56,906][WARN]:  KiCad Schematic Reader: Unsupported keyword: 'duplicate_pin_numbers_are_jumpers' of parentNode 'symbol' at line: 29215
[2026-08-28 14:18:56,906][WARN]:  KiCad Schematic Reader: Unsupported keyword: 'in_pos_files' of parentNode 'symbol' at line: 32105
[2026-08-28 14:18:56,906][WARN]:  KiCad Schematic Reader: Unsupported keyword: 'duplicate_pin_numbers_are_jumpers' of parentNode 'symbol' at line: 32106
[2026-08-28 14:18:56,906][WARN]:  KiCad Schematic Reader: Unsupported keyword: 'in_pos_files' of parentNode 'symbol' at line: 32244
[2026-08-28 14:18:56,906][WARN]:  KiCad Schematic Reader: Unsupported keyword: 'duplicate_pin_numbers_are_jumpers' of parentNode 'symbol' at line: 32245
[2026-08-28 14:18:56,906][WARN]:  KiCad Schematic Reader: Unsupported keyword: 'in_pos_files' of parentNode 'symbol' at line: 32383
[2026-08-28 14:18:56,906][WARN]:  KiCad Schematic Reader: Unsupported keyword: 'duplicate_pin_numbers_are_jumpers' of parentNode 'symbol' at line: 32384
[2026-08-28 14:18:56,906][WARN]:  KiCad Schematic Reader: Unsupported keyword: 'in_pos_files' of parentNode 'symbol' at line: 32522
[2026-08-28 14:18:56,906][WARN]:  KiCad Schematic Reader: Unsupported keyword: 'duplicate_pin_numbers_are_jumpers' of parentNode 'symbol' at line: 32523
[2026-08-28 14:18:56,906][WARN]:  KiCad Schematic Reader: Unsupported keyword: 'in_pos_files' of parentNode 'symbol' at line: 32661
[2026-08-28 14:18:56,906][WARN]:  KiCad Schematic Reader: Unsupported keyword: 'duplicate_pin_numbers_are_jumpers' of parentNode 'symbol' at line: 32662
[2026-08-28 14:18:56,906][WARN]:  KiCad Schematic Reader: Unsupported keyword: 'uuid' of parentNode 'rectangle' at line: 32776
[2026-08-28 14:18:56,906][WARN]:  KiCad Schematic Reader: Unsupported keyword: 'uuid' of parentNode 'rectangle' at line: 32789
[2026-08-28 14:18:56,906][WARN]:  KiCad Schematic Reader: Unsupported keyword: 'uuid' of parentNode 'rectangle' at line: 32802
[2026-08-28 14:18:56,906][WARN]:  KiCad Schematic Reader: Unsupported keyword: 'uuid' of parentNode 'rectangle' at line: 32815
[2026-08-28 14:18:56,908][WARN]:  KiCad Schematic Reader: Unsupported keyword: 'body_style' of parentNode 'symbol' at line: 211589
[2026-08-28 14:18:56,908][WARN]:  KiCad Schematic Reader: Unsupported keyword: 'in_pos_files' of parentNode 'symbol' at line: 211593
[2026-08-28 14:18:56,908][WARN]:  KiCad Schematic Reader: Unsupported keyword: 'body_style' of parentNode 'symbol' at line: 211671
[2026-08-28 14:18:56,908][WARN]:  KiCad Schematic Reader: Unsupported keyword: 'in_pos_files' of parentNode 'symbol' at line: 211675
[2026-08-28 14:18:56,908][WARN]:  KiCad Schematic Reader: Unsupported keyword: 'body_style' of parentNode 'symbol' at line: 211750
[2026-08-28 14:18:56,908][WARN]:  KiCad Schematic Reader: Unsupported keyword: 'in_pos_files' of parentNode 'symbol' at line: 211754
[2026-08-28 14:18:56,908][WARN]:  KiCad Schematic Reader: Unsupported keyword: 'body_style' of parentNode 'symbol' at line: 211828
[2026-08-28 14:18:56,908][WARN]:  KiCad Schematic Reader: Unsupported keyword: 'in_pos_files' of parentNode 'symbol' at line: 211832
[2026-08-28 14:18:56,908][WARN]:  KiCad Schematic Reader: Unsupported keyword: 'body_style' of parentNode 'symbol' at line: 211910
[2026-08-28 14:18:56,908][WARN]:  KiCad Schematic Reader: Unsupported keyword: 'in_pos_files' of parentNode 'symbol' at line: 211914
[2026-08-28 14:18:56,908][WARN]:  KiCad Schematic Reader: Unsupported keyword: 'body_style' of parentNode 'symbol' at line: 211992
[2026-08-28 14:18:56,908][WARN]:  KiCad Schematic Reader: Unsupported keyword: 'in_pos_files' of parentNode 'symbol' at line: 211996
[2026-08-28 14:18:56,908][WARN]:  KiCad Schematic Reader: Unsupported keyword: 'body_style' of parentNode 'symbol' at line: 212074
[2026-08-28 14:18:56,908][WARN]:  KiCad Schematic Reader: Unsupported keyword: 'in_pos_files' of parentNode 'symbol' at line: 212078
[2026-08-28 14:18:56,908][WARN]:  KiCad Schematic Reader: Unsupported keyword: 'body_style' of parentNode 'symbol' at line: 212301
[2026-08-28 14:18:56,908][WARN]:  KiCad Schematic Reader: Unsupported keyword: 'in_pos_files' of parentNode 'symbol' at line: 212305
[2026-08-28 14:18:56,908][WARN]:  KiCad Schematic Reader: Unsupported keyword: 'body_style' of parentNode 'symbol' at line: 212382
[2026-08-28 14:18:56,908][WARN]:  KiCad Schematic Reader: Unsupported keyword: 'in_pos_files' of parentNode 'symbol' at line: 212386
[2026-08-28 14:18:56,908][WARN]:  KiCad Schematic Reader: Unsupported keyword: 'body_style' of parentNode 'symbol' at line: 212460
[2026-08-28 14:18:56,908][WARN]:  KiCad Schematic Reader: Unsupported keyword: 'in_pos_files' of parentNode 'symbol' at line: 212464
[2026-08-28 14:18:56,908][WARN]:  KiCad Schematic Reader: Unsupported keyword: 'body_style' of parentNode 'symbol' at line: 212542
[2026-08-28 14:18:56,908][WARN]:  KiCad Schematic Reader: Unsupported keyword: 'in_pos_files' of parentNode 'symbol' at line: 212546
[2026-08-28 14:18:56,909][WARN]:  KiCad Schematic Reader: Unsupported keyword: 'body_style' of parentNode 'symbol' at line: 212624
[2026-08-28 14:18:56,909][WARN]:  KiCad Schematic Reader: Unsupported keyword: 'in_pos_files' of parentNode 'symbol' at line: 212628
[2026-08-28 14:18:56,909][WARN]:  KiCad Schematic Reader: Unsupported keyword: 'body_style' of parentNode 'symbol' at line: 212706
[2026-08-28 14:18:56,909][WARN]:  KiCad Schematic Reader: Unsupported keyword: 'in_pos_files' of parentNode 'symbol' at line: 212710
[2026-08-28 14:18:56,909][WARN]:  KiCad Schematic Reader: Unsupported keyword: 'body_style' of parentNode 'symbol' at line: 212788
[2026-08-28 14:18:56,909][WARN]:  KiCad Schematic Reader: Unsupported keyword: 'in_pos_files' of parentNode 'symbol' at line: 212792
[2026-08-28 14:18:56,909][WARN]:  KiCad Schematic Reader: Unsupported keyword: 'body_style' of parentNode 'symbol' at line: 213494
[2026-08-28 14:18:56,909][WARN]:  KiCad Schematic Reader: Unsupported keyword: 'in_pos_files' of parentNode 'symbol' at line: 213498
[2026-08-28 14:18:56,909][WARN]:  KiCad Schematic Reader: Unsupported keyword: 'body_style' of parentNode 'symbol' at line: 213572
[2026-08-28 14:18:56,909][WARN]:  KiCad Schematic Reader: Unsupported keyword: 'in_pos_files' of parentNode 'symbol' at line: 213576
[2026-08-28 14:18:56,909][WARN]:  KiCad Schematic Reader: Unsupported keyword: 'body_style' of parentNode 'symbol' at line: 213654
[2026-08-28 14:18:56,909][WARN]:  KiCad Schematic Reader: Unsupported keyword: 'in_pos_files' of parentNode 'symbol' at line: 213658
[2026-08-28 14:18:56,909][WARN]:  KiCad Schematic Reader: Unsupported keyword: 'body_style' of parentNode 'symbol' at line: 213732
[2026-08-28 14:18:56,909][WARN]:  KiCad Schematic Reader: Unsupported keyword: 'in_pos_files' of parentNode 'symbol' at line: 213736
[2026-08-28 14:18:56,909][WARN]:  KiCad Schematic Reader: Unsupported keyword: 'body_style' of parentNode 'symbol' at line: 213814
[2026-08-28 14:18:56,909][WARN]:  KiCad Schematic Reader: Unsupported keyword: 'in_pos_files' of parentNode 'symbol' at line: 213818
[2026-08-28 14:18:56,909][WARN]:  KiCad Schematic Reader: Unsupported keyword: 'body_style' of parentNode 'symbol' at line: 213896
[2026-08-28 14:18:56,909][WARN]:  KiCad Schematic Reader: Unsupported keyword: 'in_pos_files' of parentNode 'symbol' at line: 213900
[2026-08-28 14:18:56,909][WARN]:  KiCad Schematic Reader: Unsupported keyword: 'body_style' of parentNode 'symbol' at line: 213974
[2026-08-28 14:18:56,909][WARN]:  KiCad Schematic Reader: Unsupported keyword: 'in_pos_files' of parentNode 'symbol' at line: 213978
[2026-08-28 14:18:56,909][WARN]:  KiCad Schematic Reader: Unsupported keyword: 'body_style' of parentNode 'symbol' at line: 214052
[2026-08-28 14:18:56,909][WARN]:  KiCad Schematic Reader: Unsupported keyword: 'in_pos_files' of parentNode 'symbol' at line: 214056
[2026-08-28 14:18:56,909][WARN]:  KiCad Schematic Reader: Unsupported keyword: 'body_style' of parentNode 'symbol' at line: 214168
[2026-08-28 14:18:56,909][WARN]:  KiCad Schematic Reader: Unsupported keyword: 'in_pos_files' of parentNode 'symbol' at line: 214172
[2026-08-28 14:18:56,909][WARN]:  KiCad Schematic Reader: Unsupported keyword: 'body_style' of parentNode 'symbol' at line: 214250
[2026-08-28 14:18:56,909][WARN]:  KiCad Schematic Reader: Unsupported keyword: 'in_pos_files' of parentNode 'symbol' at line: 214254
[2026-08-28 14:18:56,910][WARN]:  KiCad Schematic Reader: Unsupported keyword: 'body_style' of parentNode 'symbol' at line: 218087
[2026-08-28 14:18:56,910][WARN]:  KiCad Schematic Reader: Unsupported keyword: 'in_pos_files' of parentNode 'symbol' at line: 218091
[2026-08-28 14:18:56,910][WARN]:  KiCad Schematic Reader: Unsupported keyword: 'body_style' of parentNode 'symbol' at line: 218164
[2026-08-28 14:18:56,910][WARN]:  KiCad Schematic Reader: Unsupported keyword: 'in_pos_files' of parentNode 'symbol' at line: 218168
[2026-08-28 14:18:56,910][WARN]:  KiCad Schematic Reader: Unsupported keyword: 'body_style' of parentNode 'symbol' at line: 218246
[2026-08-28 14:18:56,910][WARN]:  KiCad Schematic Reader: Unsupported keyword: 'in_pos_files' of parentNode 'symbol' at line: 218250
[2026-08-28 14:18:56,910][WARN]:  KiCad Schematic Reader: Unsupported keyword: 'body_style' of parentNode 'symbol' at line: 218329
[2026-08-28 14:18:56,910][WARN]:  KiCad Schematic Reader: Unsupported keyword: 'in_pos_files' of parentNode 'symbol' at line: 218333
[2026-08-28 14:18:56,910][WARN]:  KiCad Schematic Reader: Unsupported keyword: 'body_style' of parentNode 'symbol' at line: 222165
[2026-08-28 14:18:56,910][WARN]:  KiCad Schematic Reader: Unsupported keyword: 'in_pos_files' of parentNode 'symbol' at line: 222169
[2026-08-28 14:18:56,910][WARN]:  KiCad Schematic Reader: Unsupported keyword: 'body_style' of parentNode 'symbol' at line: 222247
[2026-08-28 14:18:56,910][WARN]:  KiCad Schematic Reader: Unsupported keyword: 'in_pos_files' of parentNode 'symbol' at line: 222251
[2026-08-28 14:18:56,910][WARN]:  KiCad Schematic Reader: Unsupported keyword: 'body_style' of parentNode 'symbol' at line: 222329
[2026-08-28 14:18:56,910][WARN]:  KiCad Schematic Reader: Unsupported keyword: 'in_pos_files' of parentNode 'symbol' at line: 222333
[2026-08-28 14:18:56,910][WARN]:  KiCad Schematic Reader: Unsupported keyword: 'body_style' of parentNode 'symbol' at line: 222407
[2026-08-28 14:18:56,910][WARN]:  KiCad Schematic Reader: Unsupported keyword: 'in_pos_files' of parentNode 'symbol' at line: 222411
[2026-08-28 14:18:56,910][WARN]:  KiCad Schematic Reader: Unsupported keyword: 'body_style' of parentNode 'symbol' at line: 222486
[2026-08-28 14:18:56,910][WARN]:  KiCad Schematic Reader: Unsupported keyword: 'in_pos_files' of parentNode 'symbol' at line: 222490
[2026-08-28 14:18:56,910][WARN]:  KiCad Schematic Reader: Unsupported keyword: 'body_style' of parentNode 'symbol' at line: 222565
[2026-08-28 14:18:56,910][WARN]:  KiCad Schematic Reader: Unsupported keyword: 'in_pos_files' of parentNode 'symbol' at line: 222569
[2026-08-28 14:18:56,910][WARN]:  KiCad Schematic Reader: Unsupported keyword: 'body_style' of parentNode 'symbol' at line: 222644
[2026-08-28 14:18:56,910][WARN]:  KiCad Schematic Reader: Unsupported keyword: 'in_pos_files' of parentNode 'symbol' at line: 222648
[2026-08-28 14:18:56,910][WARN]:  KiCad Schematic Reader: Unsupported keyword: 'body_style' of parentNode 'symbol' at line: 222734
[2026-08-28 14:18:56,910][WARN]:  KiCad Schematic Reader: Unsupported keyword: 'in_pos_files' of parentNode 'symbol' at line: 222738
[2026-08-28 14:18:56,911][WARN]:  KiCad Schematic Reader: Unsupported keyword: 'body_style' of parentNode 'symbol' at line: 226571
[2026-08-28 14:18:56,911][WARN]:  KiCad Schematic Reader: Unsupported keyword: 'in_pos_files' of parentNode 'symbol' at line: 226575
[2026-08-28 14:18:56,911][WARN]:  KiCad Schematic Reader: Unsupported keyword: 'body_style' of parentNode 'symbol' at line: 226652
[2026-08-28 14:18:56,911][WARN]:  KiCad Schematic Reader: Unsupported keyword: 'in_pos_files' of parentNode 'symbol' at line: 226656
[2026-08-28 14:18:56,911][WARN]:  KiCad Schematic Reader: Unsupported keyword: 'body_style' of parentNode 'symbol' at line: 226734
[2026-08-28 14:18:56,911][WARN]:  KiCad Schematic Reader: Unsupported keyword: 'in_pos_files' of parentNode 'symbol' at line: 226738
[2026-08-28 14:18:56,911][WARN]:  KiCad Schematic Reader: Unsupported keyword: 'body_style' of parentNode 'symbol' at line: 226816
[2026-08-28 14:18:56,911][WARN]:  KiCad Schematic Reader: Unsupported keyword: 'in_pos_files' of parentNode 'symbol' at line: 226820
[2026-08-28 14:18:56,911][WARN]:  KiCad Schematic Reader: Unsupported keyword: 'body_style' of parentNode 'symbol' at line: 226893
[2026-08-28 14:18:56,911][WARN]:  KiCad Schematic Reader: Unsupported keyword: 'in_pos_files' of parentNode 'symbol' at line: 226897
[2026-08-28 14:18:56,912][WARN]:  KiCad Schematic Reader: Unsupported keyword: 'body_style' of parentNode 'symbol' at line: 230730
[2026-08-28 14:18:56,912][WARN]:  KiCad Schematic Reader: Unsupported keyword: 'in_pos_files' of parentNode 'symbol' at line: 230734
[2026-08-28 14:18:56,912][WARN]:  KiCad Schematic Reader: Unsupported keyword: 'body_style' of parentNode 'symbol' at line: 230812
[2026-08-28 14:18:56,912][WARN]:  KiCad Schematic Reader: Unsupported keyword: 'in_pos_files' of parentNode 'symbol' at line: 230816
[2026-08-28 14:18:56,912][WARN]:  KiCad Schematic Reader: Unsupported keyword: 'body_style' of parentNode 'symbol' at line: 230890
[2026-08-28 14:18:56,912][WARN]:  KiCad Schematic Reader: Unsupported keyword: 'in_pos_files' of parentNode 'symbol' at line: 230894
[2026-08-28 14:18:56,912][WARN]:  KiCad Schematic Reader: Unsupported keyword: 'body_style' of parentNode 'symbol' at line: 230972
[2026-08-28 14:18:56,912][WARN]:  KiCad Schematic Reader: Unsupported keyword: 'in_pos_files' of parentNode 'symbol' at line: 230976
[2026-08-28 14:18:56,912][WARN]:  KiCad Schematic Reader: Unsupported keyword: 'body_style' of parentNode 'symbol' at line: 231050
[2026-08-28 14:18:56,912][WARN]:  KiCad Schematic Reader: Unsupported keyword: 'in_pos_files' of parentNode 'symbol' at line: 231054
[2026-08-28 14:18:56,912][WARN]:  KiCad Schematic Reader: Unsupported keyword: 'body_style' of parentNode 'symbol' at line: 231128
[2026-08-28 14:18:56,912][WARN]:  KiCad Schematic Reader: Unsupported keyword: 'in_pos_files' of parentNode 'symbol' at line: 231132
[2026-08-28 14:18:56,912][WARN]:  KiCad Schematic Reader: Unsupported keyword: 'body_style' of parentNode 'symbol' at line: 234963
[2026-08-28 14:18:56,912][WARN]:  KiCad Schematic Reader: Unsupported keyword: 'in_pos_files' of parentNode 'symbol' at line: 234967
[2026-08-28 14:18:56,912][WARN]:  KiCad Schematic Reader: Unsupported keyword: 'body_style' of parentNode 'symbol' at line: 235041
[2026-08-28 14:18:56,912][WARN]:  KiCad Schematic Reader: Unsupported keyword: 'in_pos_files' of parentNode 'symbol' at line: 235045
[2026-08-28 14:18:56,912][WARN]:  KiCad Schematic Reader: Unsupported keyword: 'body_style' of parentNode 'symbol' at line: 238876
[2026-08-28 14:18:56,912][WARN]:  KiCad Schematic Reader: Unsupported keyword: 'in_pos_files' of parentNode 'symbol' at line: 238880
[2026-08-28 14:18:56,912][WARN]:  KiCad Schematic Reader: Unsupported keyword: 'body_style' of parentNode 'symbol' at line: 238954
[2026-08-28 14:18:56,912][WARN]:  KiCad Schematic Reader: Unsupported keyword: 'in_pos_files' of parentNode 'symbol' at line: 238958
[2026-08-28 14:18:56,912][WARN]:  KiCad Schematic Reader: Unsupported keyword: 'body_style' of parentNode 'symbol' at line: 239032
[2026-08-28 14:18:56,912][WARN]:  KiCad Schematic Reader: Unsupported keyword: 'in_pos_files' of parentNode 'symbol' at line: 239036
[2026-08-28 14:18:56,914][WARN]:  KiCad Schematic Reader: Unsupported keyword: 'body_style' of parentNode 'symbol' at line: 239114
[2026-08-28 14:18:56,914][WARN]:  KiCad Schematic Reader: Unsupported keyword: 'in_pos_files' of parentNode 'symbol' at line: 239118
[2026-08-28 14:18:56,914][WARN]:  KiCad Schematic Reader: Unsupported keyword: 'body_style' of parentNode 'symbol' at line: 239193
[2026-08-28 14:18:56,914][WARN]:  KiCad Schematic Reader: Unsupported keyword: 'in_pos_files' of parentNode 'symbol' at line: 239197
[2026-08-28 14:18:56,914][WARN]:  KiCad Schematic Reader: Unsupported keyword: 'body_style' of parentNode 'symbol' at line: 239275
[2026-08-28 14:18:56,914][WARN]:  KiCad Schematic Reader: Unsupported keyword: 'in_pos_files' of parentNode 'symbol' at line: 239279
[2026-08-28 14:18:56,914][WARN]:  KiCad Schematic Reader: Unsupported keyword: 'body_style' of parentNode 'symbol' at line: 239357
[2026-08-28 14:18:56,914][WARN]:  KiCad Schematic Reader: Unsupported keyword: 'in_pos_files' of parentNode 'symbol' at line: 239361
[2026-08-28 14:18:56,914][WARN]:  KiCad Schematic Reader: Unsupported keyword: 'body_style' of parentNode 'symbol' at line: 239439
[2026-08-28 14:18:56,914][WARN]:  KiCad Schematic Reader: Unsupported keyword: 'in_pos_files' of parentNode 'symbol' at line: 239443
[2026-08-28 14:18:56,914][WARN]:  KiCad Schematic Reader: Unsupported keyword: 'body_style' of parentNode 'symbol' at line: 239521
[2026-08-28 14:18:56,914][WARN]:  KiCad Schematic Reader: Unsupported keyword: 'in_pos_files' of parentNode 'symbol' at line: 239525
[2026-08-28 14:18:56,914][WARN]:  KiCad Schematic Reader: Unsupported keyword: 'body_style' of parentNode 'symbol' at line: 239603
[2026-08-28 14:18:56,914][WARN]:  KiCad Schematic Reader: Unsupported keyword: 'in_pos_files' of parentNode 'symbol' at line: 239607
[2026-08-28 14:18:56,914][WARN]:  KiCad Schematic Reader: Unsupported keyword: 'body_style' of parentNode 'symbol' at line: 239682
[2026-08-28 14:18:56,914][WARN]:  KiCad Schematic Reader: Unsupported keyword: 'in_pos_files' of parentNode 'symbol' at line: 239686
[2026-08-28 14:18:56,914][WARN]:  KiCad Schematic Reader: Unsupported keyword: 'body_style' of parentNode 'symbol' at line: 239764
[2026-08-28 14:18:56,914][WARN]:  KiCad Schematic Reader: Unsupported keyword: 'in_pos_files' of parentNode 'symbol' at line: 239768
[2026-08-28 14:18:56,914][WARN]:  KiCad Schematic Reader: Unsupported keyword: 'body_style' of parentNode 'symbol' at line: 239846
[2026-08-28 14:18:56,914][WARN]:  KiCad Schematic Reader: Unsupported keyword: 'in_pos_files' of parentNode 'symbol' at line: 239850
[2026-08-28 14:18:56,914][WARN]:  KiCad Schematic Reader: Unsupported keyword: 'body_style' of parentNode 'symbol' at line: 239924
[2026-08-28 14:18:56,914][WARN]:  KiCad Schematic Reader: Unsupported keyword: 'in_pos_files' of parentNode 'symbol' at line: 239928
[2026-08-28 14:18:56,914][WARN]:  KiCad Schematic Reader: Unsupported keyword: 'body_style' of parentNode 'symbol' at line: 240005
[2026-08-28 14:18:56,914][WARN]:  KiCad Schematic Reader: Unsupported keyword: 'in_pos_files' of parentNode 'symbol' at line: 240009
[2026-08-28 14:18:56,914][WARN]:  KiCad Schematic Reader: Unsupported keyword: 'body_style' of parentNode 'symbol' at line: 240083
[2026-08-28 14:18:56,914][WARN]:  KiCad Schematic Reader: Unsupported keyword: 'in_pos_files' of parentNode 'symbol' at line: 240087
[2026-08-28 14:18:56,914][WARN]:  KiCad Schematic Reader: Unsupported keyword: 'body_style' of parentNode 'symbol' at line: 240162
[2026-08-28 14:18:56,914][WARN]:  KiCad Schematic Reader: Unsupported keyword: 'in_pos_files' of parentNode 'symbol' at line: 240166
[2026-08-28 14:18:56,914][WARN]:  KiCad Schematic Reader: Unsupported keyword: 'body_style' of parentNode 'symbol' at line: 240240
[2026-08-28 14:18:56,914][WARN]:  KiCad Schematic Reader: Unsupported keyword: 'in_pos_files' of parentNode 'symbol' at line: 240244
[2026-08-28 14:18:56,914][WARN]:  KiCad Schematic Reader: Unsupported keyword: 'body_style' of parentNode 'symbol' at line: 240322
[2026-08-28 14:18:56,914][WARN]:  KiCad Schematic Reader: Unsupported keyword: 'in_pos_files' of parentNode 'symbol' at line: 240326
[2026-08-28 14:18:56,914][WARN]:  KiCad Schematic Reader: Unsupported keyword: 'body_style' of parentNode 'symbol' at line: 240404
[2026-08-28 14:18:56,914][WARN]:  KiCad Schematic Reader: Unsupported keyword: 'in_pos_files' of parentNode 'symbol' at line: 240408
[2026-08-28 14:18:56,915][WARN]:  KiCad Schematic Reader: Unsupported keyword: 'body_style' of parentNode 'symbol' at line: 244241
[2026-08-28 14:18:56,915][WARN]:  KiCad Schematic Reader: Unsupported keyword: 'in_pos_files' of parentNode 'symbol' at line: 244245
[2026-08-28 14:18:56,915][WARN]:  KiCad Schematic Reader: Unsupported keyword: 'body_style' of parentNode 'symbol' at line: 244321
[2026-08-28 14:18:56,915][WARN]:  KiCad Schematic Reader: Unsupported keyword: 'in_pos_files' of parentNode 'symbol' at line: 244325
[2026-08-28 14:18:56,915][WARN]:  KiCad Schematic Reader: Unsupported keyword: 'body_style' of parentNode 'symbol' at line: 244403
[2026-08-28 14:18:56,915][WARN]:  KiCad Schematic Reader: Unsupported keyword: 'in_pos_files' of parentNode 'symbol' at line: 244407
[2026-08-28 14:18:56,915][WARN]:  KiCad Schematic Reader: Unsupported keyword: 'body_style' of parentNode 'symbol' at line: 248240
[2026-08-28 14:18:56,915][WARN]:  KiCad Schematic Reader: Unsupported keyword: 'in_pos_files' of parentNode 'symbol' at line: 248244
[2026-08-28 14:18:56,915][WARN]:  KiCad Schematic Reader: Unsupported keyword: 'body_style' of parentNode 'symbol' at line: 248318
[2026-08-28 14:18:56,915][WARN]:  KiCad Schematic Reader: Unsupported keyword: 'in_pos_files' of parentNode 'symbol' at line: 248322
[2026-08-28 14:18:56,915][WARN]:  KiCad Schematic Reader: Unsupported keyword: 'body_style' of parentNode 'symbol' at line: 248396
[2026-08-28 14:18:56,915][WARN]:  KiCad Schematic Reader: Unsupported keyword: 'in_pos_files' of parentNode 'symbol' at line: 248400
[2026-08-28 14:18:56,915][WARN]:  KiCad Schematic Reader: Unsupported keyword: 'body_style' of parentNode 'symbol' at line: 248474
[2026-08-28 14:18:56,915][WARN]:  KiCad Schematic Reader: Unsupported keyword: 'in_pos_files' of parentNode 'symbol' at line: 248478
[2026-08-28 14:18:56,915][WARN]:  KiCad Schematic Reader: Unsupported keyword: 'body_style' of parentNode 'symbol' at line: 248552
[2026-08-28 14:18:56,915][WARN]:  KiCad Schematic Reader: Unsupported keyword: 'in_pos_files' of parentNode 'symbol' at line: 248556
[2026-08-28 14:18:56,915][WARN]:  KiCad Schematic Reader: Unsupported keyword: 'body_style' of parentNode 'symbol' at line: 248634
[2026-08-28 14:18:56,915][WARN]:  KiCad Schematic Reader: Unsupported keyword: 'in_pos_files' of parentNode 'symbol' at line: 248638
[2026-08-28 14:18:56,915][WARN]:  KiCad Schematic Reader: Unsupported keyword: 'body_style' of parentNode 'symbol' at line: 248716
[2026-08-28 14:18:56,915][WARN]:  KiCad Schematic Reader: Unsupported keyword: 'in_pos_files' of parentNode 'symbol' at line: 248720
[2026-08-28 14:18:56,916][WARN]:  KiCad Schematic Reader: Unsupported keyword: 'body_style' of parentNode 'symbol' at line: 248794
[2026-08-28 14:18:56,916][WARN]:  KiCad Schematic Reader: Unsupported keyword: 'in_pos_files' of parentNode 'symbol' at line: 248798
[2026-08-28 14:18:56,916][WARN]:  KiCad Schematic Reader: Unsupported keyword: 'body_style' of parentNode 'symbol' at line: 248876
[2026-08-28 14:18:56,916][WARN]:  KiCad Schematic Reader: Unsupported keyword: 'in_pos_files' of parentNode 'symbol' at line: 248880
[2026-08-28 14:18:56,916][WARN]:  KiCad Schematic Reader: Unsupported keyword: 'body_style' of parentNode 'symbol' at line: 249442
[2026-08-28 14:18:56,916][WARN]:  KiCad Schematic Reader: Unsupported keyword: 'in_pos_files' of parentNode 'symbol' at line: 249446
[2026-08-28 14:18:56,916][WARN]:  KiCad Schematic Reader: Unsupported keyword: 'body_style' of parentNode 'symbol' at line: 249520
[2026-08-28 14:18:56,916][WARN]:  KiCad Schematic Reader: Unsupported keyword: 'in_pos_files' of parentNode 'symbol' at line: 249524
[2026-08-28 14:18:56,916][WARN]:  KiCad Schematic Reader: Unsupported keyword: 'body_style' of parentNode 'symbol' at line: 249601
[2026-08-28 14:18:56,916][WARN]:  KiCad Schematic Reader: Unsupported keyword: 'in_pos_files' of parentNode 'symbol' at line: 249605
[2026-08-28 14:18:56,916][WARN]:  KiCad Schematic Reader: Unsupported keyword: 'body_style' of parentNode 'symbol' at line: 249682
[2026-08-28 14:18:56,916][WARN]:  KiCad Schematic Reader: Unsupported keyword: 'in_pos_files' of parentNode 'symbol' at line: 249686
[2026-08-28 14:18:56,916][WARN]:  KiCad Schematic Reader: Unsupported keyword: 'body_style' of parentNode 'symbol' at line: 249764
[2026-08-28 14:18:56,916][WARN]:  KiCad Schematic Reader: Unsupported keyword: 'in_pos_files' of parentNode 'symbol' at line: 249768
[2026-08-28 14:18:56,916][WARN]:  KiCad Schematic Reader: Unsupported keyword: 'body_style' of parentNode 'symbol' at line: 249848
[2026-08-28 14:18:56,916][WARN]:  KiCad Schematic Reader: Unsupported keyword: 'in_pos_files' of parentNode 'symbol' at line: 249852
[2026-08-28 14:18:56,916][WARN]:  KiCad Schematic Reader: Unsupported keyword: 'body_style' of parentNode 'symbol' at line: 249926
[2026-08-28 14:18:56,916][WARN]:  KiCad Schematic Reader: Unsupported keyword: 'in_pos_files' of parentNode 'symbol' at line: 249930
[2026-08-28 14:18:56,916][WARN]:  KiCad Schematic Reader: Unsupported keyword: 'body_style' of parentNode 'symbol' at line: 250008
[2026-08-28 14:18:56,916][WARN]:  KiCad Schematic Reader: Unsupported keyword: 'in_pos_files' of parentNode 'symbol' at line: 250012
[2026-08-28 14:18:56,916][WARN]:  KiCad Schematic Reader: Unsupported keyword: 'body_style' of parentNode 'symbol' at line: 250087
[2026-08-28 14:18:56,916][WARN]:  KiCad Schematic Reader: Unsupported keyword: 'in_pos_files' of parentNode 'symbol' at line: 250091
[2026-08-28 14:18:56,916][WARN]:  KiCad Schematic Reader: Unsupported keyword: 'body_style' of parentNode 'symbol' at line: 250165
[2026-08-28 14:18:56,916][WARN]:  KiCad Schematic Reader: Unsupported keyword: 'in_pos_files' of parentNode 'symbol' at line: 250169
[2026-08-28 14:18:56,916][WARN]:  KiCad Schematic Reader: Unsupported keyword: 'body_style' of parentNode 'symbol' at line: 250247
[2026-08-28 14:18:56,916][WARN]:  KiCad Schematic Reader: Unsupported keyword: 'in_pos_files' of parentNode 'symbol' at line: 250251
[2026-08-28 14:18:56,916][WARN]:  KiCad Schematic Reader: Unsupported keyword: 'body_style' of parentNode 'symbol' at line: 250329
[2026-08-28 14:18:56,916][WARN]:  KiCad Schematic Reader: Unsupported keyword: 'in_pos_files' of parentNode 'symbol' at line: 250333
[2026-08-28 14:18:56,916][WARN]:  KiCad Schematic Reader: Unsupported keyword: 'body_style' of parentNode 'symbol' at line: 250407
[2026-08-28 14:18:56,916][WARN]:  KiCad Schematic Reader: Unsupported keyword: 'in_pos_files' of parentNode 'symbol' at line: 250411
[2026-08-28 14:18:56,917][WARN]:  KiCad Schematic Reader: Unsupported keyword: 'body_style' of parentNode 'symbol' at line: 254244
[2026-08-28 14:18:56,917][WARN]:  KiCad Schematic Reader: Unsupported keyword: 'in_pos_files' of parentNode 'symbol' at line: 254248
[2026-08-28 14:18:56,917][WARN]:  KiCad Schematic Reader: Unsupported keyword: 'body_style' of parentNode 'symbol' at line: 254326
[2026-08-28 14:18:56,917][WARN]:  KiCad Schematic Reader: Unsupported keyword: 'in_pos_files' of parentNode 'symbol' at line: 254330
[2026-08-28 14:18:56,917][WARN]:  KiCad Schematic Reader: Unsupported keyword: 'body_style' of parentNode 'symbol' at line: 258163
[2026-08-28 14:18:56,917][WARN]:  KiCad Schematic Reader: Unsupported keyword: 'in_pos_files' of parentNode 'symbol' at line: 258167
[2026-08-28 14:18:56,917][WARN]:  KiCad Schematic Reader: Unsupported keyword: 'body_style' of parentNode 'symbol' at line: 258244
[2026-08-28 14:18:56,917][WARN]:  KiCad Schematic Reader: Unsupported keyword: 'in_pos_files' of parentNode 'symbol' at line: 258248
[2026-08-28 14:18:56,925][INFO]:  Converting document: 'C:/Users/nanaimoBurger/Documents/kiced/stemthortyto/stemthortyto.kicad_sch'
[2026-08-28 14:18:57,004][INFO]:  KiCad Symbol Converter: Converting KiCad symbol: 'Device:Antenna'
[2026-08-28 14:18:57,005][INFO]:  KiCad Symbol Converter: Generating DeviceSet: 'Antenna'
[2026-08-28 14:18:57,006][WARN]:  KiCad Symbol Converter: No footprints assigned to symbol: 'ANTENNA', creating default device.
[2026-08-28 14:18:57,007][INFO]:  KiCad Symbol Converter: Generating DeviceSet: 'ANTENNA' finished successfully
[2026-08-28 14:18:57,007][INFO]:  KiCad Symbol Converter: Converting KiCad symbol: 'Device:Antenna' finished successfully
[2026-08-28 14:18:57,007][INFO]:  KiCad Symbol Converter: Converting KiCad symbol: 'Device:C_Small'
[2026-08-28 14:18:57,007][INFO]:  KiCad Symbol Converter: Generating DeviceSet: 'C_Small'
[2026-08-28 14:18:57,007][INFO]:  KiCad Symbol Converter: Symbol pin '' at line '257' was renamed to '@1' because of name duplication
[2026-08-28 14:18:57,007][INFO]:  KiCad Symbol Converter: Symbol pin '' at line '275' was renamed to '@2' because of name duplication
[2026-08-28 14:18:57,007][INFO]:  KiCad Symbol Converter: Generating DeviceSet: 'C_SMALL' finished successfully
[2026-08-28 14:18:57,007][INFO]:  KiCad Symbol Converter: Converting KiCad symbol: 'Device:C_Small' finished successfully
[2026-08-28 14:18:57,007][INFO]:  KiCad Symbol Converter: Converting KiCad symbol: 'Device:LED'
[2026-08-28 14:18:57,007][INFO]:  KiCad Symbol Converter: Generating DeviceSet: 'LED'
[2026-08-28 14:18:57,007][INFO]:  KiCad Symbol Converter: Generating DeviceSet: 'LED' finished successfully
[2026-08-28 14:18:57,007][INFO]:  KiCad Symbol Converter: Converting KiCad symbol: 'Device:LED' finished successfully
[2026-08-28 14:18:57,007][INFO]:  KiCad Symbol Converter: Converting KiCad symbol: 'Device:R'
[2026-08-28 14:18:57,007][INFO]:  KiCad Symbol Converter: Generating DeviceSet: 'R'
[2026-08-28 14:18:57,008][INFO]:  KiCad Symbol Converter: Symbol pin '' at line '598' was renamed to '@1' because of name duplication
[2026-08-28 14:18:57,008][INFO]:  KiCad Symbol Converter: Symbol pin '' at line '616' was renamed to '@2' because of name duplication
[2026-08-28 14:18:57,008][INFO]:  KiCad Symbol Converter: Generating DeviceSet: 'R' finished successfully
[2026-08-28 14:18:57,008][INFO]:  KiCad Symbol Converter: Converting KiCad symbol: 'Device:R' finished successfully
[2026-08-28 14:18:57,008][INFO]:  KiCad Symbol Converter: Converting KiCad symbol: 'Device:R_Small'
[2026-08-28 14:18:57,008][INFO]:  KiCad Symbol Converter: Generating DeviceSet: 'R_Small'
[2026-08-28 14:18:57,008][INFO]:  KiCad Symbol Converter: Symbol pin '' at line '739' was renamed to '@1' because of name duplication
[2026-08-28 14:18:57,008][INFO]:  KiCad Symbol Converter: Symbol pin '' at line '757' was renamed to '@2' because of name duplication
[2026-08-28 14:18:57,008][INFO]:  KiCad Symbol Converter: Generating DeviceSet: 'R_SMALL' finished successfully
[2026-08-28 14:18:57,008][INFO]:  KiCad Symbol Converter: Converting KiCad symbol: 'Device:R_Small' finished successfully
[2026-08-28 14:18:57,008][INFO]:  KiCad Symbol Converter: Converting KiCad symbol: 'E22-900M22S:E22-900M22S'
[2026-08-28 14:18:57,008][INFO]:  KiCad Symbol Converter: Generating DeviceSet: 'E22-900M22S'
[2026-08-28 14:18:57,009][INFO]:  KiCad Symbol Converter: Symbol pin 'GND' at line '958' was renamed to 'GND@1' because of name duplication
[2026-08-28 14:18:57,009][INFO]:  KiCad Symbol Converter: Symbol pin 'GND' at line '976' was renamed to 'GND@2' because of name duplication
[2026-08-28 14:18:57,009][INFO]:  KiCad Symbol Converter: Symbol pin 'GND' at line '995' was renamed to 'GND@3' because of name duplication
[2026-08-28 14:18:57,009][INFO]:  KiCad Symbol Converter: Symbol pin 'GND' at line '1014' was renamed to 'GND@4' because of name duplication
[2026-08-28 14:18:57,009][INFO]:  KiCad Symbol Converter: Symbol pin 'GND' at line '1033' was renamed to 'GND@5' because of name duplication
[2026-08-28 14:18:57,009][INFO]:  KiCad Symbol Converter: Symbol pin 'GND' at line '1124' was renamed to 'GND@6' because of name duplication
[2026-08-28 14:18:57,009][INFO]:  KiCad Symbol Converter: Symbol pin 'GND' at line '1143' was renamed to 'GND@7' because of name duplication
[2026-08-28 14:18:57,009][INFO]:  KiCad Symbol Converter: Symbol pin 'GND' at line '1162' was renamed to 'GND@8' because of name duplication
[2026-08-28 14:18:57,009][INFO]:  KiCad Symbol Converter: Symbol pin 'GND' at line '1307' was renamed to 'GND@9' because of name duplication
[2026-08-28 14:18:57,009][INFO]:  KiCad Symbol Converter: Symbol pin 'GND' at line '1344' was renamed to 'GND@10' because of name duplication
[2026-08-28 14:18:57,011][INFO]:  KiCad Symbol Converter: Generating DeviceSet: 'E22-900M22S' finished successfully
[2026-08-28 14:18:57,011][INFO]:  KiCad Symbol Converter: Converting KiCad symbol: 'E22-900M22S:E22-900M22S' finished successfully
[2026-08-28 14:18:57,011][INFO]:  KiCad Symbol Converter: Converting KiCad symbol: 'RK3588S:RK3588S'
[2026-08-28 14:18:57,011][INFO]:  KiCad Symbol Converter: Generating DeviceSet: 'RK3588S'
[2026-08-28 14:18:57,014][INFO]:  KiCad Symbol Converter: Symbol pin 'EMMCIO_1V8' at line '4465' was renamed to 'EMMCIO_1V8@1' because of name duplication
[2026-08-28 14:18:57,014][INFO]:  KiCad Symbol Converter: Symbol pin 'EMMCIO_1V8' at line '4519' was renamed to 'EMMCIO_1V8@2' because of name duplication
[2026-08-28 14:18:57,017][INFO]:  KiCad Symbol Converter: Symbol pin 'PMU_0V75' at line '6448' was renamed to 'PMU_0V75@1' because of name duplication
[2026-08-28 14:18:57,017][INFO]:  KiCad Symbol Converter: Symbol pin 'PMU_0V75' at line '6466' was renamed to 'PMU_0V75@2' because of name duplication
[2026-08-28 14:18:57,020][INFO]:  KiCad Symbol Converter: Symbol pin 'VSS[533]' at line '8400' was renamed to 'VSS[533]@1' because of name duplication
[2026-08-28 14:18:57,020][INFO]:  KiCad Symbol Converter: Symbol pin 'VSS[533]' at line '8418' was renamed to 'VSS[533]@2' because of name duplication
[2026-08-28 14:18:57,020][INFO]:  KiCad Symbol Converter: Symbol pin 'VSS[533]' at line '8437' was renamed to 'VSS[533]@3' because of name duplication
[2026-08-28 14:18:57,020][INFO]:  KiCad Symbol Converter: Symbol pin 'VSS[533]' at line '8456' was renamed to 'VSS[533]@4' because of name duplication
[2026-08-28 14:18:57,020][INFO]:  KiCad Symbol Converter: Symbol pin 'VSS[533]' at line '8475' was renamed to 'VSS[533]@5' because of name duplication
[2026-08-28 14:18:57,020][INFO]:  KiCad Symbol Converter: Symbol pin 'VSS[533]' at line '8494' was renamed to 'VSS[533]@6' because of name duplication
[2026-08-28 14:18:57,020][INFO]:  KiCad Symbol Converter: Symbol pin 'VSS[533]' at line '8513' was renamed to 'VSS[533]@7' because of name duplication
[2026-08-28 14:18:57,020][INFO]:  KiCad Symbol Converter: Symbol pin 'VSS[533]' at line '8532' was renamed to 'VSS[533]@8' because of name duplication
[2026-08-28 14:18:57,020][INFO]:  KiCad Symbol Converter: Symbol pin 'VSS[533]' at line '8551' was renamed to 'VSS[533]@9' because of name duplication
[2026-08-28 14:18:57,020][INFO]:  KiCad Symbol Converter: Symbol pin 'VSS[533]' at line '8570' was renamed to 'VSS[533]@10' because of name duplication
[2026-08-28 14:18:57,020][INFO]:  KiCad Symbol Converter: Symbol pin 'VSS[533]' at line '8589' was renamed to 'VSS[533]@11' because of name duplication
[2026-08-28 14:18:57,020][INFO]:  KiCad Symbol Converter: Symbol pin 'AVSS[132]' at line '8608' was renamed to 'AVSS[132]@1' because of name duplication
[2026-08-28 14:18:57,020][INFO]:  KiCad Symbol Converter: Symbol pin 'VSS[533]' at line '8626' was renamed to 'VSS[533]@12' because of name duplication
[2026-08-28 14:18:57,020][INFO]:  KiCad Symbol Converter: Symbol pin 'VSS[533]' at line '8645' was renamed to 'VSS[533]@13' because of name duplication
[2026-08-28 14:18:57,020][INFO]:  KiCad Symbol Converter: Symbol pin 'VSS[533]' at line '8664' was renamed to 'VSS[533]@14' because of name duplication
[2026-08-28 14:18:57,020][INFO]:  KiCad Symbol Converter: Symbol pin 'AVSS[132]' at line '8683' was renamed to 'AVSS[132]@2' because of name duplication
[2026-08-28 14:18:57,020][INFO]:  KiCad Symbol Converter: Symbol pin 'VDD_CPU_LIT[12]' at line '8702' was renamed to 'VDD_CPU_LIT[12]@1' because of name duplication
[2026-08-28 14:18:57,020][INFO]:  KiCad Symbol Converter: Symbol pin 'VDD_CPU_LIT[12]' at line '8720' was renamed to 'VDD_CPU_LIT[12]@2' because of name duplication
[2026-08-28 14:18:57,020][INFO]:  KiCad Symbol Converter: Symbol pin 'VDD_CPU_LIT[12]' at line '8739' was renamed to 'VDD_CPU_LIT[12]@3' because of name duplication
[2026-08-28 14:18:57,020][INFO]:  KiCad Symbol Converter: Symbol pin 'VSS[533]' at line '8758' was renamed to 'VSS[533]@15' because of name duplication
[2026-08-28 14:18:57,020][INFO]:  KiCad Symbol Converter: Symbol pin 'VSS[533]' at line '8777' was renamed to 'VSS[533]@16' because of name duplication
[2026-08-28 14:18:57,020][INFO]:  KiCad Symbol Converter: Symbol pin 'VSS[533]' at line '8796' was renamed to 'VSS[533]@17' because of name duplication
[2026-08-28 14:18:57,020][INFO]:  KiCad Symbol Converter: Symbol pin 'VSS[533]' at line '8815' was renamed to 'VSS[533]@18' because of name duplication
[2026-08-28 14:18:57,020][INFO]:  KiCad Symbol Converter: Symbol pin 'VSS[533]' at line '8834' was renamed to 'VSS[533]@19' because of name duplication
[2026-08-28 14:18:57,020][INFO]:  KiCad Symbol Converter: Symbol pin 'VSS[533]' at line '8853' was renamed to 'VSS[533]@20' because of name duplication
[2026-08-28 14:18:57,020][INFO]:  KiCad Symbol Converter: Symbol pin 'VSS[533]' at line '8872' was renamed to 'VSS[533]@21' because of name duplication
[2026-08-28 14:18:57,020][INFO]:  KiCad Symbol Converter: Symbol pin 'VSS[533]' at line '8891' was renamed to 'VSS[533]@22' because of name duplication
[2026-08-28 14:18:57,020][INFO]:  KiCad Symbol Converter: Symbol pin 'VSS[533]' at line '8910' was renamed to 'VSS[533]@23' because of name duplication
[2026-08-28 14:18:57,020][INFO]:  KiCad Symbol Converter: Symbol pin 'VSS[533]' at line '8929' was renamed to 'VSS[533]@24' because of name duplication
[2026-08-28 14:18:57,020][INFO]:  KiCad Symbol Converter: Symbol pin 'VSS[533]' at line '8948' was renamed to 'VSS[533]@25' because of name duplication
[2026-08-28 14:18:57,021][INFO]:  KiCad Symbol Converter: Symbol pin 'VSS[533]' at line '8985' was renamed to 'VSS[533]@26' because of name duplication
[2026-08-28 14:18:57,021][INFO]:  KiCad Symbol Converter: Symbol pin 'VSS[533]' at line '9004' was renamed to 'VSS[533]@27' because of name duplication
[2026-08-28 14:18:57,021][INFO]:  KiCad Symbol Converter: Symbol pin 'VSS[533]' at line '9023' was renamed to 'VSS[533]@28' because of name duplication
[2026-08-28 14:18:57,021][INFO]:  KiCad Symbol Converter: Symbol pin 'VSS[533]' at line '9042' was renamed to 'VSS[533]@29' because of name duplication
[2026-08-28 14:18:57,021][INFO]:  KiCad Symbol Converter: Symbol pin 'VSS[533]' at line '9061' was renamed to 'VSS[533]@30' because of name duplication
[2026-08-28 14:18:57,021][INFO]:  KiCad Symbol Converter: Symbol pin 'VSS[533]' at line '9080' was renamed to 'VSS[533]@31' because of name duplication
[2026-08-28 14:18:57,021][INFO]:  KiCad Symbol Converter: Symbol pin 'VDD_CPU_LIT[12]' at line '9117' was renamed to 'VDD_CPU_LIT[12]@4' because of name duplication
[2026-08-28 14:18:57,021][INFO]:  KiCad Symbol Converter: Symbol pin 'VSS[533]' at line '9136' was renamed to 'VSS[533]@32' because of name duplication
[2026-08-28 14:18:57,021][INFO]:  KiCad Symbol Converter: Symbol pin 'VSS[533]' at line '9155' was renamed to 'VSS[533]@33' because of name duplication
[2026-08-28 14:18:57,021][INFO]:  KiCad Symbol Converter: Symbol pin 'VSS[533]' at line '9174' was renamed to 'VSS[533]@34' because of name duplication
[2026-08-28 14:18:57,021][INFO]:  KiCad Symbol Converter: Symbol pin 'VSS[533]' at line '9193' was renamed to 'VSS[533]@35' because of name duplication
[2026-08-28 14:18:57,021][INFO]:  KiCad Symbol Converter: Symbol pin 'VSS[533]' at line '9212' was renamed to 'VSS[533]@36' because of name duplication
[2026-08-28 14:18:57,021][INFO]:  KiCad Symbol Converter: Symbol pin 'VSS[533]' at line '9231' was renamed to 'VSS[533]@37' because of name duplication
[2026-08-28 14:18:57,021][INFO]:  KiCad Symbol Converter: Symbol pin 'VSS[533]' at line '9250' was renamed to 'VSS[533]@38' because of name duplication
[2026-08-28 14:18:57,021][INFO]:  KiCad Symbol Converter: Symbol pin 'VSS[533]' at line '9269' was renamed to 'VSS[533]@39' because of name duplication
[2026-08-28 14:18:57,021][INFO]:  KiCad Symbol Converter: Symbol pin 'VSS[533]' at line '9288' was renamed to 'VSS[533]@40' because of name duplication
[2026-08-28 14:18:57,021][INFO]:  KiCad Symbol Converter: Symbol pin 'VSS[533]' at line '9307' was renamed to 'VSS[533]@41' because of name duplication
[2026-08-28 14:18:57,021][INFO]:  KiCad Symbol Converter: Symbol pin 'VSS[533]' at line '9326' was renamed to 'VSS[533]@42' because of name duplication
[2026-08-28 14:18:57,021][INFO]:  KiCad Symbol Converter: Symbol pin 'VSS[533]' at line '9345' was renamed to 'VSS[533]@43' because of name duplication
[2026-08-28 14:18:57,021][INFO]:  KiCad Symbol Converter: Symbol pin 'VDD_VDENC[9]' at line '9364' was renamed to 'VDD_VDENC[9]@1' because of name duplication
[2026-08-28 14:18:57,021][INFO]:  KiCad Symbol Converter: Symbol pin 'VSS[533]' at line '9382' was renamed to 'VSS[533]@44' because of name duplication
[2026-08-28 14:18:57,021][INFO]:  KiCad Symbol Converter: Symbol pin 'VSS[533]' at line '9401' was renamed to 'VSS[533]@45' because of name duplication
[2026-08-28 14:18:57,021][INFO]:  KiCad Symbol Converter: Symbol pin 'VSS[533]' at line '9420' was renamed to 'VSS[533]@46' because of name duplication
[2026-08-28 14:18:57,021][INFO]:  KiCad Symbol Converter: Symbol pin 'VSS[533]' at line '9439' was renamed to 'VSS[533]@47' because of name duplication
[2026-08-28 14:18:57,021][INFO]:  KiCad Symbol Converter: Symbol pin 'VSS[533]' at line '9458' was renamed to 'VSS[533]@48' because of name duplication
[2026-08-28 14:18:57,021][INFO]:  KiCad Symbol Converter: Symbol pin 'VSS[533]' at line '9477' was renamed to 'VSS[533]@49' because of name duplication
[2026-08-28 14:18:57,021][INFO]:  KiCad Symbol Converter: Symbol pin 'VSS[533]' at line '9496' was renamed to 'VSS[533]@50' because of name duplication
[2026-08-28 14:18:57,021][INFO]:  KiCad Symbol Converter: Symbol pin 'VDD_CPU_LIT[12]' at line '9515' was renamed to 'VDD_CPU_LIT[12]@5' because of name duplication
[2026-08-28 14:18:57,021][INFO]:  KiCad Symbol Converter: Symbol pin 'VDD_CPU_LIT[12]' at line '9534' was renamed to 'VDD_CPU_LIT[12]@6' because of name duplication
[2026-08-28 14:18:57,021][INFO]:  KiCad Symbol Converter: Symbol pin 'VDD_CPU_LIT[12]' at line '9553' was renamed to 'VDD_CPU_LIT[12]@7' because of name duplication
[2026-08-28 14:18:57,021][INFO]:  KiCad Symbol Converter: Symbol pin 'VDD_CPU_LIT[12]' at line '9572' was renamed to 'VDD_CPU_LIT[12]@8' because of name duplication
[2026-08-28 14:18:57,021][INFO]:  KiCad Symbol Converter: Symbol pin 'VDD_CPU_LIT[12]' at line '9591' was renamed to 'VDD_CPU_LIT[12]@9' because of name duplication
[2026-08-28 14:18:57,021][INFO]:  KiCad Symbol Converter: Symbol pin 'VCCIO5[2]' at line '9610' was renamed to 'VCCIO5[2]@1' because of name duplication
[2026-08-28 14:18:57,021][INFO]:  KiCad Symbol Converter: Symbol pin 'VCCIO5[2]' at line '9628' was renamed to 'VCCIO5[2]@2' because of name duplication
[2026-08-28 14:18:57,021][INFO]:  KiCad Symbol Converter: Symbol pin 'VSS[533]' at line '9647' was renamed to 'VSS[533]@51' because of name duplication
[2026-08-28 14:18:57,021][INFO]:  KiCad Symbol Converter: Symbol pin 'VSS[533]' at line '9666' was renamed to 'VSS[533]@52' because of name duplication
[2026-08-28 14:18:57,021][INFO]:  KiCad Symbol Converter: Symbol pin 'VSS[533]' at line '9685' was renamed to 'VSS[533]@53' because of name duplication
[2026-08-28 14:18:57,021][INFO]:  KiCad Symbol Converter: Symbol pin 'VSS[533]' at line '9704' was renamed to 'VSS[533]@54' because of name duplication
[2026-08-28 14:18:57,021][INFO]:  KiCad Symbol Converter: Symbol pin 'VSS[533]' at line '9723' was renamed to 'VSS[533]@55' because of name duplication
[2026-08-28 14:18:57,021][INFO]:  KiCad Symbol Converter: Symbol pin 'VSS[533]' at line '9742' was renamed to 'VSS[533]@56' because of name duplication
[2026-08-28 14:18:57,021][INFO]:  KiCad Symbol Converter: Symbol pin 'VSS[533]' at line '9761' was renamed to 'VSS[533]@57' because of name duplication
[2026-08-28 14:18:57,021][INFO]:  KiCad Symbol Converter: Symbol pin 'VSS[533]' at line '9780' was renamed to 'VSS[533]@58' because of name duplication
[2026-08-28 14:18:57,021][INFO]:  KiCad Symbol Converter: Symbol pin 'VSS[533]' at line '9799' was renamed to 'VSS[533]@59' because of name duplication
[2026-08-28 14:18:57,021][INFO]:  KiCad Symbol Converter: Symbol pin 'VSS[533]' at line '9818' was renamed to 'VSS[533]@60' because of name duplication
[2026-08-28 14:18:57,021][INFO]:  KiCad Symbol Converter: Symbol pin 'VSS[533]' at line '9837' was renamed to 'VSS[533]@61' because of name duplication
[2026-08-28 14:18:57,021][INFO]:  KiCad Symbol Converter: Symbol pin 'VSS[533]' at line '9856' was renamed to 'VSS[533]@62' because of name duplication
[2026-08-28 14:18:57,021][INFO]:  KiCad Symbol Converter: Symbol pin 'VDD_VDENC[9]' at line '9875' was renamed to 'VDD_VDENC[9]@2' because of name duplication
[2026-08-28 14:18:57,021][INFO]:  KiCad Symbol Converter: Symbol pin 'VSS[533]' at line '9894' was renamed to 'VSS[533]@63' because of name duplication
[2026-08-28 14:18:57,021][INFO]:  KiCad Symbol Converter: Symbol pin 'VSS[533]' at line '9913' was renamed to 'VSS[533]@64' because of name duplication
[2026-08-28 14:18:57,021][INFO]:  KiCad Symbol Converter: Symbol pin 'VSS[533]' at line '9932' was renamed to 'VSS[533]@65' because of name duplication
[2026-08-28 14:18:57,021][INFO]:  KiCad Symbol Converter: Symbol pin 'VSS[533]' at line '9951' was renamed to 'VSS[533]@66' because of name duplication
[2026-08-28 14:18:57,021][INFO]:  KiCad Symbol Converter: Symbol pin 'VSS[533]' at line '9970' was renamed to 'VSS[533]@67' because of name duplication
[2026-08-28 14:18:57,021][INFO]:  KiCad Symbol Converter: Symbol pin 'VSS[533]' at line '9989' was renamed to 'VSS[533]@68' because of name duplication
[2026-08-28 14:18:57,022][INFO]:  KiCad Symbol Converter: Symbol pin 'VDD_CPU_LIT[12]' at line '10008' was renamed to 'VDD_CPU_LIT[12]@10' because of name duplication
[2026-08-28 14:18:57,022][INFO]:  KiCad Symbol Converter: Symbol pin 'VDD_CPU_LIT[12]' at line '10027' was renamed to 'VDD_CPU_LIT[12]@11' because of name duplication
[2026-08-28 14:18:57,022][INFO]:  KiCad Symbol Converter: Symbol pin 'VSS[533]' at line '10046' was renamed to 'VSS[533]@69' because of name duplication
[2026-08-28 14:18:57,022][INFO]:  KiCad Symbol Converter: Symbol pin 'VSS[533]' at line '10065' was renamed to 'VSS[533]@70' because of name duplication
[2026-08-28 14:18:57,022][INFO]:  KiCad Symbol Converter: Symbol pin 'VSS[533]' at line '10084' was renamed to 'VSS[533]@71' because of name duplication
[2026-08-28 14:18:57,022][INFO]:  KiCad Symbol Converter: Symbol pin 'VSS[533]' at line '10103' was renamed to 'VSS[533]@72' because of name duplication
[2026-08-28 14:18:57,022][INFO]:  KiCad Symbol Converter: Symbol pin 'VSS[533]' at line '10122' was renamed to 'VSS[533]@73' because of name duplication
[2026-08-28 14:18:57,022][INFO]:  KiCad Symbol Converter: Symbol pin 'VSS[533]' at line '10141' was renamed to 'VSS[533]@74' because of name duplication
[2026-08-28 14:18:57,022][INFO]:  KiCad Symbol Converter: Symbol pin 'VSS[533]' at line '10160' was renamed to 'VSS[533]@75' because of name duplication
[2026-08-28 14:18:57,022][INFO]:  KiCad Symbol Converter: Symbol pin 'VSS[533]' at line '10179' was renamed to 'VSS[533]@76' because of name duplication
[2026-08-28 14:18:57,022][INFO]:  KiCad Symbol Converter: Symbol pin 'VSS[533]' at line '10198' was renamed to 'VSS[533]@77' because of name duplication
[2026-08-28 14:18:57,022][INFO]:  KiCad Symbol Converter: Symbol pin 'VSS[533]' at line '10217' was renamed to 'VSS[533]@78' because of name duplication
[2026-08-28 14:18:57,022][INFO]:  KiCad Symbol Converter: Symbol pin 'VSS[533]' at line '10236' was renamed to 'VSS[533]@79' because of name duplication
[2026-08-28 14:18:57,022][INFO]:  KiCad Symbol Converter: Symbol pin 'VSS[533]' at line '10255' was renamed to 'VSS[533]@80' because of name duplication
[2026-08-28 14:18:57,022][INFO]:  KiCad Symbol Converter: Symbol pin 'VSS[533]' at line '10274' was renamed to 'VSS[533]@81' because of name duplication
[2026-08-28 14:18:57,022][INFO]:  KiCad Symbol Converter: Symbol pin 'VSS[533]' at line '10293' was renamed to 'VSS[533]@82' because of name duplication
[2026-08-28 14:18:57,022][INFO]:  KiCad Symbol Converter: Symbol pin 'VSS[533]' at line '10312' was renamed to 'VSS[533]@83' because of name duplication
[2026-08-28 14:18:57,022][INFO]:  KiCad Symbol Converter: Symbol pin 'VSS[533]' at line '10331' was renamed to 'VSS[533]@84' because of name duplication
[2026-08-28 14:18:57,022][INFO]:  KiCad Symbol Converter: Symbol pin 'VSS[533]' at line '10350' was renamed to 'VSS[533]@85' because of name duplication
[2026-08-28 14:18:57,022][INFO]:  KiCad Symbol Converter: Symbol pin 'VSS[533]' at line '10369' was renamed to 'VSS[533]@86' because of name duplication
[2026-08-28 14:18:57,022][INFO]:  KiCad Symbol Converter: Symbol pin 'VDD_CPU_LIT[12]' at line '10388' was renamed to 'VDD_CPU_LIT[12]@12' because of name duplication
[2026-08-28 14:18:57,022][INFO]:  KiCad Symbol Converter: Symbol pin 'VSS[533]' at line '10407' was renamed to 'VSS[533]@87' because of name duplication
[2026-08-28 14:18:57,022][INFO]:  KiCad Symbol Converter: Symbol pin 'VSS[533]' at line '10426' was renamed to 'VSS[533]@88' because of name duplication
[2026-08-28 14:18:57,022][INFO]:  KiCad Symbol Converter: Symbol pin 'VSS[533]' at line '10445' was renamed to 'VSS[533]@89' because of name duplication
[2026-08-28 14:18:57,022][INFO]:  KiCad Symbol Converter: Symbol pin 'VSS[533]' at line '10464' was renamed to 'VSS[533]@90' because of name duplication
[2026-08-28 14:18:57,022][INFO]:  KiCad Symbol Converter: Symbol pin 'VSS[533]' at line '10483' was renamed to 'VSS[533]@91' because of name duplication
[2026-08-28 14:18:57,022][INFO]:  KiCad Symbol Converter: Symbol pin 'VSS[533]' at line '10502' was renamed to 'VSS[533]@92' because of name duplication
[2026-08-28 14:18:57,022][INFO]:  KiCad Symbol Converter: Symbol pin 'VSS[533]' at line '10521' was renamed to 'VSS[533]@93' because of name duplication
[2026-08-28 14:18:57,022][INFO]:  KiCad Symbol Converter: Symbol pin 'VSS[533]' at line '10540' was renamed to 'VSS[533]@94' because of name duplication
[2026-08-28 14:18:57,022][INFO]:  KiCad Symbol Converter: Symbol pin 'VSS[533]' at line '10559' was renamed to 'VSS[533]@95' because of name duplication
[2026-08-28 14:18:57,022][INFO]:  KiCad Symbol Converter: Symbol pin 'VDD_LOGIC[18]' at line '10578' was renamed to 'VDD_LOGIC[18]@1' because of name duplication
[2026-08-28 14:18:57,022][INFO]:  KiCad Symbol Converter: Symbol pin 'VDD_LOGIC[18]' at line '10596' was renamed to 'VDD_LOGIC[18]@2' because of name duplication
[2026-08-28 14:18:57,022][INFO]:  KiCad Symbol Converter: Symbol pin 'VSS[533]' at line '10615' was renamed to 'VSS[533]@96' because of name duplication
[2026-08-28 14:18:57,022][INFO]:  KiCad Symbol Converter: Symbol pin 'VSS[533]' at line '10634' was renamed to 'VSS[533]@97' because of name duplication
[2026-08-28 14:18:57,022][INFO]:  KiCad Symbol Converter: Symbol pin 'VSS[533]' at line '10653' was renamed to 'VSS[533]@98' because of name duplication
[2026-08-28 14:18:57,022][INFO]:  KiCad Symbol Converter: Symbol pin 'VSS[533]' at line '10672' was renamed to 'VSS[533]@99' because of name duplication
[2026-08-28 14:18:57,022][INFO]:  KiCad Symbol Converter: Symbol pin 'VSS[533]' at line '10691' was renamed to 'VSS[533]@100' because of name duplication
[2026-08-28 14:18:57,022][INFO]:  KiCad Symbol Converter: Symbol pin 'VSS[533]' at line '10710' was renamed to 'VSS[533]@101' because of name duplication
[2026-08-28 14:18:57,022][INFO]:  KiCad Symbol Converter: Symbol pin 'VSS[533]' at line '10729' was renamed to 'VSS[533]@102' because of name duplication
[2026-08-28 14:18:57,022][INFO]:  KiCad Symbol Converter: Symbol pin 'VSS[533]' at line '10748' was renamed to 'VSS[533]@103' because of name duplication
[2026-08-28 14:18:57,022][INFO]:  KiCad Symbol Converter: Symbol pin 'VSS[533]' at line '10767' was renamed to 'VSS[533]@104' because of name duplication
[2026-08-28 14:18:57,022][INFO]:  KiCad Symbol Converter: Symbol pin 'VSS[533]' at line '10786' was renamed to 'VSS[533]@105' because of name duplication
[2026-08-28 14:18:57,022][INFO]:  KiCad Symbol Converter: Symbol pin 'VSS[533]' at line '10805' was renamed to 'VSS[533]@106' because of name duplication
[2026-08-28 14:18:57,022][INFO]:  KiCad Symbol Converter: Symbol pin 'VSS[533]' at line '10824' was renamed to 'VSS[533]@107' because of name duplication
[2026-08-28 14:18:57,022][INFO]:  KiCad Symbol Converter: Symbol pin 'VSS[533]' at line '10843' was renamed to 'VSS[533]@108' because of name duplication
[2026-08-28 14:18:57,022][INFO]:  KiCad Symbol Converter: Symbol pin 'VSS[533]' at line '10862' was renamed to 'VSS[533]@109' because of name duplication
[2026-08-28 14:18:57,022][INFO]:  KiCad Symbol Converter: Symbol pin 'VSS[533]' at line '10899' was renamed to 'VSS[533]@110' because of name duplication
[2026-08-28 14:18:57,022][INFO]:  KiCad Symbol Converter: Symbol pin 'VSS[533]' at line '10918' was renamed to 'VSS[533]@111' because of name duplication
[2026-08-28 14:18:57,022][INFO]:  KiCad Symbol Converter: Symbol pin 'VSS[533]' at line '10937' was renamed to 'VSS[533]@112' because of name duplication
[2026-08-28 14:18:57,022][INFO]:  KiCad Symbol Converter: Symbol pin 'VSS[533]' at line '10956' was renamed to 'VSS[533]@113' because of name duplication
[2026-08-28 14:18:57,023][INFO]:  KiCad Symbol Converter: Symbol pin 'VSS[533]' at line '10975' was renamed to 'VSS[533]@114' because of name duplication
[2026-08-28 14:18:57,023][INFO]:  KiCad Symbol Converter: Symbol pin 'VSS[533]' at line '10994' was renamed to 'VSS[533]@115' because of name duplication
[2026-08-28 14:18:57,023][INFO]:  KiCad Symbol Converter: Symbol pin 'VSS[533]' at line '11013' was renamed to 'VSS[533]@116' because of name duplication
[2026-08-28 14:18:57,023][INFO]:  KiCad Symbol Converter: Symbol pin 'VSS[533]' at line '11032' was renamed to 'VSS[533]@117' because of name duplication
[2026-08-28 14:18:57,023][INFO]:  KiCad Symbol Converter: Symbol pin 'VSS[533]' at line '11051' was renamed to 'VSS[533]@118' because of name duplication
[2026-08-28 14:18:57,023][INFO]:  KiCad Symbol Converter: Symbol pin 'VSS[533]' at line '11070' was renamed to 'VSS[533]@119' because of name duplication
[2026-08-28 14:18:57,023][INFO]:  KiCad Symbol Converter: Symbol pin 'VSS[533]' at line '11089' was renamed to 'VSS[533]@120' because of name duplication
[2026-08-28 14:18:57,023][INFO]:  KiCad Symbol Converter: Symbol pin 'VSS[533]' at line '11108' was renamed to 'VSS[533]@121' because of name duplication
[2026-08-28 14:18:57,023][INFO]:  KiCad Symbol Converter: Symbol pin 'VSS[533]' at line '11127' was renamed to 'VSS[533]@122' because of name duplication
[2026-08-28 14:18:57,023][INFO]:  KiCad Symbol Converter: Symbol pin 'VSS[533]' at line '11146' was renamed to 'VSS[533]@123' because of name duplication
[2026-08-28 14:18:57,023][INFO]:  KiCad Symbol Converter: Symbol pin 'VSS[533]' at line '11165' was renamed to 'VSS[533]@124' because of name duplication
[2026-08-28 14:18:57,023][INFO]:  KiCad Symbol Converter: Symbol pin 'VSS[533]' at line '11184' was renamed to 'VSS[533]@125' because of name duplication
[2026-08-28 14:18:57,023][INFO]:  KiCad Symbol Converter: Symbol pin 'VSS[533]' at line '11203' was renamed to 'VSS[533]@126' because of name duplication
[2026-08-28 14:18:57,023][INFO]:  KiCad Symbol Converter: Symbol pin 'VSS[533]' at line '11222' was renamed to 'VSS[533]@127' because of name duplication
[2026-08-28 14:18:57,023][INFO]:  KiCad Symbol Converter: Symbol pin 'VSS[533]' at line '11241' was renamed to 'VSS[533]@128' because of name duplication
[2026-08-28 14:18:57,023][INFO]:  KiCad Symbol Converter: Symbol pin 'VSS[533]' at line '11260' was renamed to 'VSS[533]@129' because of name duplication
[2026-08-28 14:18:57,023][INFO]:  KiCad Symbol Converter: Symbol pin 'VSS[533]' at line '11279' was renamed to 'VSS[533]@130' because of name duplication
[2026-08-28 14:18:57,023][INFO]:  KiCad Symbol Converter: Symbol pin 'VSS[533]' at line '11298' was renamed to 'VSS[533]@131' because of name duplication
[2026-08-28 14:18:57,023][INFO]:  KiCad Symbol Converter: Symbol pin 'VSS[533]' at line '11317' was renamed to 'VSS[533]@132' because of name duplication
[2026-08-28 14:18:57,023][INFO]:  KiCad Symbol Converter: Symbol pin 'VSS[533]' at line '11336' was renamed to 'VSS[533]@133' because of name duplication
[2026-08-28 14:18:57,023][INFO]:  KiCad Symbol Converter: Symbol pin 'VSS[533]' at line '11355' was renamed to 'VSS[533]@134' because of name duplication
[2026-08-28 14:18:57,023][INFO]:  KiCad Symbol Converter: Symbol pin 'VSS[533]' at line '11374' was renamed to 'VSS[533]@135' because of name duplication
[2026-08-28 14:18:57,023][INFO]:  KiCad Symbol Converter: Symbol pin 'VSS[533]' at line '11393' was renamed to 'VSS[533]@136' because of name duplication
[2026-08-28 14:18:57,023][INFO]:  KiCad Symbol Converter: Symbol pin 'VSS[533]' at line '11412' was renamed to 'VSS[533]@137' because of name duplication
[2026-08-28 14:18:57,023][INFO]:  KiCad Symbol Converter: Symbol pin 'VSS[533]' at line '11431' was renamed to 'VSS[533]@138' because of name duplication
[2026-08-28 14:18:57,023][INFO]:  KiCad Symbol Converter: Symbol pin 'VSS[533]' at line '11450' was renamed to 'VSS[533]@139' because of name duplication
[2026-08-28 14:18:57,023][INFO]:  KiCad Symbol Converter: Symbol pin 'VSS[533]' at line '11469' was renamed to 'VSS[533]@140' because of name duplication
[2026-08-28 14:18:57,023][INFO]:  KiCad Symbol Converter: Symbol pin 'VSS[533]' at line '11488' was renamed to 'VSS[533]@141' because of name duplication
[2026-08-28 14:18:57,023][INFO]:  KiCad Symbol Converter: Symbol pin 'VSS[533]' at line '11507' was renamed to 'VSS[533]@142' because of name duplication
[2026-08-28 14:18:57,023][INFO]:  KiCad Symbol Converter: Symbol pin 'VSS[533]' at line '11526' was renamed to 'VSS[533]@143' because of name duplication
[2026-08-28 14:18:57,023][INFO]:  KiCad Symbol Converter: Symbol pin 'VSS[533]' at line '11545' was renamed to 'VSS[533]@144' because of name duplication
[2026-08-28 14:18:57,023][INFO]:  KiCad Symbol Converter: Symbol pin 'VSS[533]' at line '11564' was renamed to 'VSS[533]@145' because of name duplication
[2026-08-28 14:18:57,023][INFO]:  KiCad Symbol Converter: Symbol pin 'VSS[533]' at line '11583' was renamed to 'VSS[533]@146' because of name duplication
[2026-08-28 14:18:57,023][INFO]:  KiCad Symbol Converter: Symbol pin 'VSS[533]' at line '11602' was renamed to 'VSS[533]@147' because of name duplication
[2026-08-28 14:18:57,023][INFO]:  KiCad Symbol Converter: Symbol pin 'VDD_LOGIC[18]' at line '11621' was renamed to 'VDD_LOGIC[18]@3' because of name duplication
[2026-08-28 14:18:57,023][INFO]:  KiCad Symbol Converter: Symbol pin 'VDD_LOGIC[18]' at line '11640' was renamed to 'VDD_LOGIC[18]@4' because of name duplication
[2026-08-28 14:18:57,023][INFO]:  KiCad Symbol Converter: Symbol pin 'VDD_LOGIC[18]' at line '11659' was renamed to 'VDD_LOGIC[18]@5' because of name duplication
[2026-08-28 14:18:57,023][INFO]:  KiCad Symbol Converter: Symbol pin 'VDD_LOGIC[18]' at line '11678' was renamed to 'VDD_LOGIC[18]@6' because of name duplication
[2026-08-28 14:18:57,023][INFO]:  KiCad Symbol Converter: Symbol pin 'VDD_LOGIC[18]' at line '11697' was renamed to 'VDD_LOGIC[18]@7' because of name duplication
[2026-08-28 14:18:57,023][INFO]:  KiCad Symbol Converter: Symbol pin 'VSS[533]' at line '11716' was renamed to 'VSS[533]@148' because of name duplication
[2026-08-28 14:18:57,023][INFO]:  KiCad Symbol Converter: Symbol pin 'VSS[533]' at line '11735' was renamed to 'VSS[533]@149' because of name duplication
[2026-08-28 14:18:57,023][INFO]:  KiCad Symbol Converter: Symbol pin 'VDD_GPU[13]' at line '11754' was renamed to 'VDD_GPU[13]@1' because of name duplication
[2026-08-28 14:18:57,023][INFO]:  KiCad Symbol Converter: Symbol pin 'VDD_GPU[13]' at line '11772' was renamed to 'VDD_GPU[13]@2' because of name duplication
[2026-08-28 14:18:57,023][INFO]:  KiCad Symbol Converter: Symbol pin 'VDD_GPU[13]' at line '11791' was renamed to 'VDD_GPU[13]@3' because of name duplication
[2026-08-28 14:18:57,023][INFO]:  KiCad Symbol Converter: Symbol pin 'VDD_GPU[13]' at line '11810' was renamed to 'VDD_GPU[13]@4' because of name duplication
[2026-08-28 14:18:57,023][INFO]:  KiCad Symbol Converter: Symbol pin 'VDD_LOGIC[18]' at line '11829' was renamed to 'VDD_LOGIC[18]@8' because of name duplication
[2026-08-28 14:18:57,023][INFO]:  KiCad Symbol Converter: Symbol pin 'VDD_LOGIC[18]' at line '11848' was renamed to 'VDD_LOGIC[18]@9' because of name duplication
[2026-08-28 14:18:57,023][INFO]:  KiCad Symbol Converter: Symbol pin 'VDD_NPU_MEM[4]' at line '11867' was renamed to 'VDD_NPU_MEM[4]@1' because of name duplication
[2026-08-28 14:18:57,023][INFO]:  KiCad Symbol Converter: Symbol pin 'VDD_NPU_MEM[4]' at line '11885' was renamed to 'VDD_NPU_MEM[4]@2' because of name duplication
[2026-08-28 14:18:57,023][INFO]:  KiCad Symbol Converter: Symbol pin 'VSS[533]' at line '11904' was renamed to 'VSS[533]@150' because of name duplication
[2026-08-28 14:18:57,023][INFO]:  KiCad Symbol Converter: Symbol pin 'VSS[533]' at line '11923' was renamed to 'VSS[533]@151' because of name duplication
[2026-08-28 14:18:57,023][INFO]:  KiCad Symbol Converter: Symbol pin 'VSS[533]' at line '11942' was renamed to 'VSS[533]@152' because of name duplication
[2026-08-28 14:18:57,023][INFO]:  KiCad Symbol Converter: Symbol pin 'VSS[533]' at line '11961' was renamed to 'VSS[533]@153' because of name duplication
[2026-08-28 14:18:57,023][INFO]:  KiCad Symbol Converter: Symbol pin 'VSS[533]' at line '11980' was renamed to 'VSS[533]@154' because of name duplication
[2026-08-28 14:18:57,023][INFO]:  KiCad Symbol Converter: Symbol pin 'VSS[533]' at line '11999' was renamed to 'VSS[533]@155' because of name duplication
[2026-08-28 14:18:57,023][INFO]:  KiCad Symbol Converter: Symbol pin 'VSS[533]' at line '12018' was renamed to 'VSS[533]@156' because of name duplication
[2026-08-28 14:18:57,023][INFO]:  KiCad Symbol Converter: Symbol pin 'VSS[533]' at line '12037' was renamed to 'VSS[533]@157' because of name duplication
[2026-08-28 14:18:57,023][INFO]:  KiCad Symbol Converter: Symbol pin 'VSS[533]' at line '12056' was renamed to 'VSS[533]@158' because of name duplication
[2026-08-28 14:18:57,023][INFO]:  KiCad Symbol Converter: Symbol pin 'VSS[533]' at line '12075' was renamed to 'VSS[533]@159' because of name duplication
[2026-08-28 14:18:57,023][INFO]:  KiCad Symbol Converter: Symbol pin 'VDD_LOGIC[18]' at line '12094' was renamed to 'VDD_LOGIC[18]@10' because of name duplication
[2026-08-28 14:18:57,023][INFO]:  KiCad Symbol Converter: Symbol pin 'VSS[533]' at line '12113' was renamed to 'VSS[533]@160' because of name duplication
[2026-08-28 14:18:57,023][INFO]:  KiCad Symbol Converter: Symbol pin 'VDD_GPU_MEM[3]' at line '12132' was renamed to 'VDD_GPU_MEM[3]@1' because of name duplication
[2026-08-28 14:18:57,023][INFO]:  KiCad Symbol Converter: Symbol pin 'VDD_GPU[13]' at line '12150' was renamed to 'VDD_GPU[13]@5' because of name duplication
[2026-08-28 14:18:57,023][INFO]:  KiCad Symbol Converter: Symbol pin 'VDD_GPU[13]' at line '12169' was renamed to 'VDD_GPU[13]@6' because of name duplication
[2026-08-28 14:18:57,023][INFO]:  KiCad Symbol Converter: Symbol pin 'VDD_GPU[13]' at line '12188' was renamed to 'VDD_GPU[13]@7' because of name duplication
[2026-08-28 14:18:57,023][INFO]:  KiCad Symbol Converter: Symbol pin 'VDD_NPU_MEM[4]' at line '12207' was renamed to 'VDD_NPU_MEM[4]@3' because of name duplication
[2026-08-28 14:18:57,023][INFO]:  KiCad Symbol Converter: Symbol pin 'VSS[533]' at line '12226' was renamed to 'VSS[533]@161' because of name duplication
[2026-08-28 14:18:57,024][INFO]:  KiCad Symbol Converter: Symbol pin 'VSS[533]' at line '12245' was renamed to 'VSS[533]@162' because of name duplication
[2026-08-28 14:18:57,024][INFO]:  KiCad Symbol Converter: Symbol pin 'VSS[533]' at line '12264' was renamed to 'VSS[533]@163' because of name duplication
[2026-08-28 14:18:57,024][INFO]:  KiCad Symbol Converter: Symbol pin 'VSS[533]' at line '12283' was renamed to 'VSS[533]@164' because of name duplication
[2026-08-28 14:18:57,024][INFO]:  KiCad Symbol Converter: Symbol pin 'VSS[533]' at line '12302' was renamed to 'VSS[533]@165' because of name duplication
[2026-08-28 14:18:57,024][INFO]:  KiCad Symbol Converter: Symbol pin 'VDD_LOGIC[18]' at line '12321' was renamed to 'VDD_LOGIC[18]@11' because of name duplication
[2026-08-28 14:18:57,024][INFO]:  KiCad Symbol Converter: Symbol pin 'VDD_LOGIC[18]' at line '12340' was renamed to 'VDD_LOGIC[18]@12' because of name duplication
[2026-08-28 14:18:57,024][INFO]:  KiCad Symbol Converter: Symbol pin 'VSS[533]' at line '12377' was renamed to 'VSS[533]@166' because of name duplication
[2026-08-28 14:18:57,024][INFO]:  KiCad Symbol Converter: Symbol pin 'VSS[533]' at line '12396' was renamed to 'VSS[533]@167' because of name duplication
[2026-08-28 14:18:57,024][INFO]:  KiCad Symbol Converter: Symbol pin 'VSS[533]' at line '12415' was renamed to 'VSS[533]@168' because of name duplication
[2026-08-28 14:18:57,024][INFO]:  KiCad Symbol Converter: Symbol pin 'VSS[533]' at line '12434' was renamed to 'VSS[533]@169' because of name duplication
[2026-08-28 14:18:57,024][INFO]:  KiCad Symbol Converter: Symbol pin 'VSS[533]' at line '12453' was renamed to 'VSS[533]@170' because of name duplication
[2026-08-28 14:18:57,024][INFO]:  KiCad Symbol Converter: Symbol pin 'VSS[533]' at line '12472' was renamed to 'VSS[533]@171' because of name duplication
[2026-08-28 14:18:57,024][INFO]:  KiCad Symbol Converter: Symbol pin 'VSS[533]' at line '12491' was renamed to 'VSS[533]@172' because of name duplication
[2026-08-28 14:18:57,024][INFO]:  KiCad Symbol Converter: Symbol pin 'VSS[533]' at line '12510' was renamed to 'VSS[533]@173' because of name duplication
[2026-08-28 14:18:57,024][INFO]:  KiCad Symbol Converter: Symbol pin 'VDD_LOGIC[18]' at line '12583' was renamed to 'VDD_LOGIC[18]@13' because of name duplication
[2026-08-28 14:18:57,024][INFO]:  KiCad Symbol Converter: Symbol pin 'VSS[533]' at line '12602' was renamed to 'VSS[533]@174' because of name duplication
[2026-08-28 14:18:57,024][INFO]:  KiCad Symbol Converter: Symbol pin 'VDD_GPU_MEM[3]' at line '12621' was renamed to 'VDD_GPU_MEM[3]@2' because of name duplication
[2026-08-28 14:18:57,024][INFO]:  KiCad Symbol Converter: Symbol pin 'VDD_GPU[13]' at line '12640' was renamed to 'VDD_GPU[13]@8' because of name duplication
[2026-08-28 14:18:57,024][INFO]:  KiCad Symbol Converter: Symbol pin 'VSS[533]' at line '12659' was renamed to 'VSS[533]@175' because of name duplication
[2026-08-28 14:18:57,024][INFO]:  KiCad Symbol Converter: Symbol pin 'VDD_NPU_MEM[4]' at line '12678' was renamed to 'VDD_NPU_MEM[4]@4' because of name duplication
[2026-08-28 14:18:57,024][INFO]:  KiCad Symbol Converter: Symbol pin 'VSS[533]' at line '12697' was renamed to 'VSS[533]@176' because of name duplication
[2026-08-28 14:18:57,024][INFO]:  KiCad Symbol Converter: Symbol pin 'VDD_NPU[9]' at line '12716' was renamed to 'VDD_NPU[9]@1' because of name duplication
[2026-08-28 14:18:57,024][INFO]:  KiCad Symbol Converter: Symbol pin 'VDD_NPU[9]' at line '12734' was renamed to 'VDD_NPU[9]@2' because of name duplication
[2026-08-28 14:18:57,024][INFO]:  KiCad Symbol Converter: Symbol pin 'VDD_NPU[9]' at line '12753' was renamed to 'VDD_NPU[9]@3' because of name duplication
[2026-08-28 14:18:57,024][INFO]:  KiCad Symbol Converter: Symbol pin 'VSS[533]' at line '12772' was renamed to 'VSS[533]@177' because of name duplication
[2026-08-28 14:18:57,024][INFO]:  KiCad Symbol Converter: Symbol pin 'VSS[533]' at line '12791' was renamed to 'VSS[533]@178' because of name duplication
[2026-08-28 14:18:57,024][INFO]:  KiCad Symbol Converter: Symbol pin 'VSS[533]' at line '12810' was renamed to 'VSS[533]@179' because of name duplication
[2026-08-28 14:18:57,024][INFO]:  KiCad Symbol Converter: Symbol pin 'VSS[533]' at line '12829' was renamed to 'VSS[533]@180' because of name duplication
[2026-08-28 14:18:57,024][INFO]:  KiCad Symbol Converter: Symbol pin 'VSS[533]' at line '12848' was renamed to 'VSS[533]@181' because of name duplication
[2026-08-28 14:18:57,024][INFO]:  KiCad Symbol Converter: Symbol pin 'AVSS[132]' at line '12885' was renamed to 'AVSS[132]@3' because of name duplication
[2026-08-28 14:18:57,024][INFO]:  KiCad Symbol Converter: Symbol pin 'VSS[533]' at line '12904' was renamed to 'VSS[533]@182' because of name duplication
[2026-08-28 14:18:57,024][INFO]:  KiCad Symbol Converter: Symbol pin 'VDD_GPU_MEM[3]' at line '12923' was renamed to 'VDD_GPU_MEM[3]@3' because of name duplication
[2026-08-28 14:18:57,024][INFO]:  KiCad Symbol Converter: Symbol pin 'VDD_GPU[13]' at line '12942' was renamed to 'VDD_GPU[13]@9' because of name duplication
[2026-08-28 14:18:57,024][INFO]:  KiCad Symbol Converter: Symbol pin 'VSS[533]' at line '12961' was renamed to 'VSS[533]@183' because of name duplication
[2026-08-28 14:18:57,024][INFO]:  KiCad Symbol Converter: Symbol pin 'VDD_NPU[9]' at line '12980' was renamed to 'VDD_NPU[9]@4' because of name duplication
[2026-08-28 14:18:57,024][INFO]:  KiCad Symbol Converter: Symbol pin 'VDD_NPU[9]' at line '12999' was renamed to 'VDD_NPU[9]@5' because of name duplication
[2026-08-28 14:18:57,024][INFO]:  KiCad Symbol Converter: Symbol pin 'VDD_NPU[9]' at line '13018' was renamed to 'VDD_NPU[9]@6' because of name duplication
[2026-08-28 14:18:57,024][INFO]:  KiCad Symbol Converter: Symbol pin 'VDD_LOGIC[18]' at line '13037' was renamed to 'VDD_LOGIC[18]@14' because of name duplication
[2026-08-28 14:18:57,024][INFO]:  KiCad Symbol Converter: Symbol pin 'VCCIO6[2]' at line '13056' was renamed to 'VCCIO6[2]@1' because of name duplication
[2026-08-28 14:18:57,024][INFO]:  KiCad Symbol Converter: Symbol pin 'VSS[533]' at line '13074' was renamed to 'VSS[533]@184' because of name duplication
[2026-08-28 14:18:57,024][INFO]:  KiCad Symbol Converter: Symbol pin 'VSS[533]' at line '13093' was renamed to 'VSS[533]@185' because of name duplication
[2026-08-28 14:18:57,024][INFO]:  KiCad Symbol Converter: Symbol pin 'VSS[533]' at line '13112' was renamed to 'VSS[533]@186' because of name duplication
[2026-08-28 14:18:57,024][INFO]:  KiCad Symbol Converter: Symbol pin 'HDMI/eDP_TX0_VDD_0V75[2]' at line '13131' was renamed to 'HDMI/EDP_TX0_VDD_0V75[2]@1' because of name duplication
[2026-08-28 14:18:57,024][INFO]:  KiCad Symbol Converter: Symbol pin 'AVSS[132]' at line '13149' was renamed to 'AVSS[132]@4' because of name duplication
[2026-08-28 14:18:57,024][INFO]:  KiCad Symbol Converter: Symbol pin 'AVSS[132]' at line '13168' was renamed to 'AVSS[132]@5' because of name duplication
[2026-08-28 14:18:57,024][INFO]:  KiCad Symbol Converter: Symbol pin 'VSS[533]' at line '13187' was renamed to 'VSS[533]@187' because of name duplication
[2026-08-28 14:18:57,024][INFO]:  KiCad Symbol Converter: Symbol pin 'VSS[533]' at line '13206' was renamed to 'VSS[533]@188' because of name duplication
[2026-08-28 14:18:57,024][INFO]:  KiCad Symbol Converter: Symbol pin 'VDD_GPU[13]' at line '13225' was renamed to 'VDD_GPU[13]@10' because of name duplication
[2026-08-28 14:18:57,024][INFO]:  KiCad Symbol Converter: Symbol pin 'VDD_GPU[13]' at line '13244' was renamed to 'VDD_GPU[13]@11' because of name duplication
[2026-08-28 14:18:57,024][INFO]:  KiCad Symbol Converter: Symbol pin 'VSS[533]' at line '13263' was renamed to 'VSS[533]@189' because of name duplication
[2026-08-28 14:18:57,024][INFO]:  KiCad Symbol Converter: Symbol pin 'VSS[533]' at line '13282' was renamed to 'VSS[533]@190' because of name duplication
[2026-08-28 14:18:57,024][INFO]:  KiCad Symbol Converter: Symbol pin 'VSS[533]' at line '13301' was renamed to 'VSS[533]@191' because of name duplication
[2026-08-28 14:18:57,025][INFO]:  KiCad Symbol Converter: Symbol pin 'VDD_NPU[9]' at line '13320' was renamed to 'VDD_NPU[9]@7' because of name duplication
[2026-08-28 14:18:57,025][INFO]:  KiCad Symbol Converter: Symbol pin 'VSS[533]' at line '13339' was renamed to 'VSS[533]@192' because of name duplication
[2026-08-28 14:18:57,025][INFO]:  KiCad Symbol Converter: Symbol pin 'VSS[533]' at line '13358' was renamed to 'VSS[533]@193' because of name duplication
[2026-08-28 14:18:57,025][INFO]:  KiCad Symbol Converter: Symbol pin 'VCCIO6[2]' at line '13377' was renamed to 'VCCIO6[2]@2' because of name duplication
[2026-08-28 14:18:57,025][INFO]:  KiCad Symbol Converter: Symbol pin 'VSS[533]' at line '13432' was renamed to 'VSS[533]@194' because of name duplication
[2026-08-28 14:18:57,025][INFO]:  KiCad Symbol Converter: Symbol pin 'VSS[533]' at line '13451' was renamed to 'VSS[533]@195' because of name duplication
[2026-08-28 14:18:57,025][INFO]:  KiCad Symbol Converter: Symbol pin 'VSS[533]' at line '13470' was renamed to 'VSS[533]@196' because of name duplication
[2026-08-28 14:18:57,025][INFO]:  KiCad Symbol Converter: Symbol pin 'VSS[533]' at line '13489' was renamed to 'VSS[533]@197' because of name duplication
[2026-08-28 14:18:57,025][INFO]:  KiCad Symbol Converter: Symbol pin 'AVSS[132]' at line '13544' was renamed to 'AVSS[132]@6' because of name duplication
[2026-08-28 14:18:57,025][INFO]:  KiCad Symbol Converter: Symbol pin 'HDMI/eDP_TX0_VDD_0V75[2]' at line '13563' was renamed to 'HDMI/EDP_TX0_VDD_0V75[2]@2' because of name duplication
[2026-08-28 14:18:57,025][INFO]:  KiCad Symbol Converter: Symbol pin 'AVSS[132]' at line '13582' was renamed to 'AVSS[132]@7' because of name duplication
[2026-08-28 14:18:57,025][INFO]:  KiCad Symbol Converter: Symbol pin 'AVSS[132]' at line '13601' was renamed to 'AVSS[132]@8' because of name duplication
[2026-08-28 14:18:57,025][INFO]:  KiCad Symbol Converter: Symbol pin 'AVSS[132]' at line '13620' was renamed to 'AVSS[132]@9' because of name duplication
[2026-08-28 14:18:57,025][INFO]:  KiCad Symbol Converter: Symbol pin 'VSS[533]' at line '13639' was renamed to 'VSS[533]@198' because of name duplication
[2026-08-28 14:18:57,025][INFO]:  KiCad Symbol Converter: Symbol pin 'AVSS[132]' at line '13658' was renamed to 'AVSS[132]@10' because of name duplication
[2026-08-28 14:18:57,025][INFO]:  KiCad Symbol Converter: Symbol pin 'VDD_GPU[13]' at line '13677' was renamed to 'VDD_GPU[13]@12' because of name duplication
[2026-08-28 14:18:57,025][INFO]:  KiCad Symbol Converter: Symbol pin 'VDD_GPU[13]' at line '13696' was renamed to 'VDD_GPU[13]@13' because of name duplication
[2026-08-28 14:18:57,025][INFO]:  KiCad Symbol Converter: Symbol pin 'VSS[533]' at line '13715' was renamed to 'VSS[533]@199' because of name duplication
[2026-08-28 14:18:57,025][INFO]:  KiCad Symbol Converter: Symbol pin 'VSS[533]' at line '13734' was renamed to 'VSS[533]@200' because of name duplication
[2026-08-28 14:18:57,025][INFO]:  KiCad Symbol Converter: Symbol pin 'VDD_NPU[9]' at line '13753' was renamed to 'VDD_NPU[9]@8' because of name duplication
[2026-08-28 14:18:57,025][INFO]:  KiCad Symbol Converter: Symbol pin 'VSS[533]' at line '13772' was renamed to 'VSS[533]@201' because of name duplication
[2026-08-28 14:18:57,025][INFO]:  KiCad Symbol Converter: Symbol pin 'VSS[533]' at line '13791' was renamed to 'VSS[533]@202' because of name duplication
[2026-08-28 14:18:57,025][INFO]:  KiCad Symbol Converter: Symbol pin 'VSS[533]' at line '13810' was renamed to 'VSS[533]@203' because of name duplication
[2026-08-28 14:18:57,025][INFO]:  KiCad Symbol Converter: Symbol pin 'VSS[533]' at line '13829' was renamed to 'VSS[533]@204' because of name duplication
[2026-08-28 14:18:57,025][INFO]:  KiCad Symbol Converter: Symbol pin 'VSS[533]' at line '13848' was renamed to 'VSS[533]@205' because of name duplication
[2026-08-28 14:18:57,025][INFO]:  KiCad Symbol Converter: Symbol pin 'VSS[533]' at line '13867' was renamed to 'VSS[533]@206' because of name duplication
[2026-08-28 14:18:57,025][INFO]:  KiCad Symbol Converter: Symbol pin 'VSS[533]' at line '13886' was renamed to 'VSS[533]@207' because of name duplication
[2026-08-28 14:18:57,025][INFO]:  KiCad Symbol Converter: Symbol pin 'VSS[533]' at line '13905' was renamed to 'VSS[533]@208' because of name duplication
[2026-08-28 14:18:57,025][INFO]:  KiCad Symbol Converter: Symbol pin 'VSS[533]' at line '13924' was renamed to 'VSS[533]@209' because of name duplication
[2026-08-28 14:18:57,025][INFO]:  KiCad Symbol Converter: Symbol pin 'VSS[533]' at line '13943' was renamed to 'VSS[533]@210' because of name duplication
[2026-08-28 14:18:57,025][INFO]:  KiCad Symbol Converter: Symbol pin 'VSS[533]' at line '13962' was renamed to 'VSS[533]@211' because of name duplication
[2026-08-28 14:18:57,025][INFO]:  KiCad Symbol Converter: Symbol pin 'VSS[533]' at line '13981' was renamed to 'VSS[533]@212' because of name duplication
[2026-08-28 14:18:57,025][INFO]:  KiCad Symbol Converter: Symbol pin 'AVSS[132]' at line '14000' was renamed to 'AVSS[132]@11' because of name duplication
[2026-08-28 14:18:57,025][INFO]:  KiCad Symbol Converter: Symbol pin 'AVSS[132]' at line '14019' was renamed to 'AVSS[132]@12' because of name duplication
[2026-08-28 14:18:57,025][INFO]:  KiCad Symbol Converter: Symbol pin 'AVSS[132]' at line '14038' was renamed to 'AVSS[132]@13' because of name duplication
[2026-08-28 14:18:57,025][INFO]:  KiCad Symbol Converter: Symbol pin 'AVSS[132]' at line '14057' was renamed to 'AVSS[132]@14' because of name duplication
[2026-08-28 14:18:57,025][INFO]:  KiCad Symbol Converter: Symbol pin 'AVSS[132]' at line '14076' was renamed to 'AVSS[132]@15' because of name duplication
[2026-08-28 14:18:57,025][INFO]:  KiCad Symbol Converter: Symbol pin 'AVSS[132]' at line '14095' was renamed to 'AVSS[132]@16' because of name duplication
[2026-08-28 14:18:57,025][INFO]:  KiCad Symbol Converter: Symbol pin 'TYPEC0_DP0_VDDA_0V85[2]' at line '14114' was renamed to 'TYPEC0_DP0_VDDA_0V85[2]@1' because of name duplication
[2026-08-28 14:18:57,025][INFO]:  KiCad Symbol Converter: Symbol pin 'AVSS[132]' at line '14132' was renamed to 'AVSS[132]@17' because of name duplication
[2026-08-28 14:18:57,025][INFO]:  KiCad Symbol Converter: Symbol pin 'VSS[533]' at line '14169' was renamed to 'VSS[533]@213' because of name duplication
[2026-08-28 14:18:57,025][INFO]:  KiCad Symbol Converter: Symbol pin 'VSS[533]' at line '14188' was renamed to 'VSS[533]@214' because of name duplication
[2026-08-28 14:18:57,025][INFO]:  KiCad Symbol Converter: Symbol pin 'VDD_NPU[9]' at line '14207' was renamed to 'VDD_NPU[9]@9' because of name duplication
[2026-08-28 14:18:57,025][INFO]:  KiCad Symbol Converter: Symbol pin 'AVSS[132]' at line '14226' was renamed to 'AVSS[132]@18' because of name duplication
[2026-08-28 14:18:57,025][INFO]:  KiCad Symbol Converter: Symbol pin 'AVSS[132]' at line '14245' was renamed to 'AVSS[132]@19' because of name duplication
[2026-08-28 14:18:57,025][INFO]:  KiCad Symbol Converter: Symbol pin 'VSS[533]' at line '14264' was renamed to 'VSS[533]@215' because of name duplication
[2026-08-28 14:18:57,025][INFO]:  KiCad Symbol Converter: Symbol pin 'VSS[533]' at line '14283' was renamed to 'VSS[533]@216' because of name duplication
[2026-08-28 14:18:57,025][INFO]:  KiCad Symbol Converter: Symbol pin 'VSS[533]' at line '14302' was renamed to 'VSS[533]@217' because of name duplication
[2026-08-28 14:18:57,026][INFO]:  KiCad Symbol Converter: Symbol pin 'VSS[533]' at line '14321' was renamed to 'VSS[533]@218' because of name duplication
[2026-08-28 14:18:57,026][INFO]:  KiCad Symbol Converter: Symbol pin 'VSS[533]' at line '14340' was renamed to 'VSS[533]@219' because of name duplication
[2026-08-28 14:18:57,026][INFO]:  KiCad Symbol Converter: Symbol pin 'VSS[533]' at line '14359' was renamed to 'VSS[533]@220' because of name duplication
[2026-08-28 14:18:57,026][INFO]:  KiCad Symbol Converter: Symbol pin 'VSS[533]' at line '14378' was renamed to 'VSS[533]@221' because of name duplication
[2026-08-28 14:18:57,026][INFO]:  KiCad Symbol Converter: Symbol pin 'VSS[533]' at line '14397' was renamed to 'VSS[533]@222' because of name duplication
[2026-08-28 14:18:57,026][INFO]:  KiCad Symbol Converter: Symbol pin 'VSS[533]' at line '14416' was renamed to 'VSS[533]@223' because of name duplication
[2026-08-28 14:18:57,026][INFO]:  KiCad Symbol Converter: Symbol pin 'AVSS[132]' at line '14435' was renamed to 'AVSS[132]@20' because of name duplication
[2026-08-28 14:18:57,026][INFO]:  KiCad Symbol Converter: Symbol pin 'AVSS[132]' at line '14454' was renamed to 'AVSS[132]@21' because of name duplication
[2026-08-28 14:18:57,026][INFO]:  KiCad Symbol Converter: Symbol pin 'AVSS[132]' at line '14473' was renamed to 'AVSS[132]@22' because of name duplication
[2026-08-28 14:18:57,026][INFO]:  KiCad Symbol Converter: Symbol pin 'TYPEC0_DP0_VDDA_0V85[2]' at line '14492' was renamed to 'TYPEC0_DP0_VDDA_0V85[2]@2' because of name duplication
[2026-08-28 14:18:57,026][INFO]:  KiCad Symbol Converter: Symbol pin 'AVSS[132]' at line '14511' was renamed to 'AVSS[132]@23' because of name duplication
[2026-08-28 14:18:57,026][INFO]:  KiCad Symbol Converter: Symbol pin 'AVSS[132]' at line '14530' was renamed to 'AVSS[132]@24' because of name duplication
[2026-08-28 14:18:57,026][INFO]:  KiCad Symbol Converter: Symbol pin 'AVSS[132]' at line '14549' was renamed to 'AVSS[132]@25' because of name duplication
[2026-08-28 14:18:57,026][INFO]:  KiCad Symbol Converter: Symbol pin 'AVSS[132]' at line '14586' was renamed to 'AVSS[132]@26' because of name duplication
[2026-08-28 14:18:57,026][INFO]:  KiCad Symbol Converter: Symbol pin 'VSS[533]' at line '14695' was renamed to 'VSS[533]@224' because of name duplication
[2026-08-28 14:18:57,026][INFO]:  KiCad Symbol Converter: Symbol pin 'VSS[533]' at line '14714' was renamed to 'VSS[533]@225' because of name duplication
[2026-08-28 14:18:57,026][INFO]:  KiCad Symbol Converter: Symbol pin 'VSS[533]' at line '14733' was renamed to 'VSS[533]@226' because of name duplication
[2026-08-28 14:18:57,026][INFO]:  KiCad Symbol Converter: Symbol pin 'VSS[533]' at line '14752' was renamed to 'VSS[533]@227' because of name duplication
[2026-08-28 14:18:57,026][INFO]:  KiCad Symbol Converter: Symbol pin 'VSS[533]' at line '14771' was renamed to 'VSS[533]@228' because of name duplication
[2026-08-28 14:18:57,026][INFO]:  KiCad Symbol Converter: Symbol pin 'AVSS[132]' at line '14790' was renamed to 'AVSS[132]@27' because of name duplication
[2026-08-28 14:18:57,026][INFO]:  KiCad Symbol Converter: Symbol pin 'AVSS[132]' at line '14809' was renamed to 'AVSS[132]@28' because of name duplication
[2026-08-28 14:18:57,026][INFO]:  KiCad Symbol Converter: Symbol pin 'AVSS[132]' at line '14918' was renamed to 'AVSS[132]@29' because of name duplication
[2026-08-28 14:18:57,026][INFO]:  KiCad Symbol Converter: Symbol pin 'AVSS[132]' at line '14955' was renamed to 'AVSS[132]@30' because of name duplication
[2026-08-28 14:18:57,026][INFO]:  KiCad Symbol Converter: Symbol pin 'AVSS[132]' at line '14974' was renamed to 'AVSS[132]@31' because of name duplication
[2026-08-28 14:18:57,026][INFO]:  KiCad Symbol Converter: Symbol pin 'AVSS[132]' at line '14993' was renamed to 'AVSS[132]@32' because of name duplication
[2026-08-28 14:18:57,026][INFO]:  KiCad Symbol Converter: Symbol pin 'AVSS[132]' at line '15012' was renamed to 'AVSS[132]@33' because of name duplication
[2026-08-28 14:18:57,026][INFO]:  KiCad Symbol Converter: Symbol pin 'AVSS[132]' at line '15031' was renamed to 'AVSS[132]@34' because of name duplication
[2026-08-28 14:18:57,026][INFO]:  KiCad Symbol Converter: Symbol pin 'AVSS[132]' at line '15050' was renamed to 'AVSS[132]@35' because of name duplication
[2026-08-28 14:18:57,026][INFO]:  KiCad Symbol Converter: Symbol pin 'VSS[533]' at line '15087' was renamed to 'VSS[533]@229' because of name duplication
[2026-08-28 14:18:57,026][INFO]:  KiCad Symbol Converter: Symbol pin 'VSS[533]' at line '15106' was renamed to 'VSS[533]@230' because of name duplication
[2026-08-28 14:18:57,026][INFO]:  KiCad Symbol Converter: Symbol pin 'VSS[533]' at line '15125' was renamed to 'VSS[533]@231' because of name duplication
[2026-08-28 14:18:57,026][INFO]:  KiCad Symbol Converter: Symbol pin 'VSS[533]' at line '15144' was renamed to 'VSS[533]@232' because of name duplication
[2026-08-28 14:18:57,026][INFO]:  KiCad Symbol Converter: Symbol pin 'AVSS[132]' at line '15163' was renamed to 'AVSS[132]@36' because of name duplication
[2026-08-28 14:18:57,026][INFO]:  KiCad Symbol Converter: Symbol pin 'AVSS[132]' at line '15182' was renamed to 'AVSS[132]@37' because of name duplication
[2026-08-28 14:18:57,026][INFO]:  KiCad Symbol Converter: Symbol pin 'AVSS[132]' at line '15201' was renamed to 'AVSS[132]@38' because of name duplication
[2026-08-28 14:18:57,026][INFO]:  KiCad Symbol Converter: Symbol pin 'AVSS[132]' at line '15220' was renamed to 'AVSS[132]@39' because of name duplication
[2026-08-28 14:18:57,026][INFO]:  KiCad Symbol Converter: Symbol pin 'AVSS[132]' at line '15239' was renamed to 'AVSS[132]@40' because of name duplication
[2026-08-28 14:18:57,026][INFO]:  KiCad Symbol Converter: Symbol pin 'AVSS[132]' at line '15258' was renamed to 'AVSS[132]@41' because of name duplication
[2026-08-28 14:18:57,026][INFO]:  KiCad Symbol Converter: Symbol pin 'AVSS[132]' at line '15277' was renamed to 'AVSS[132]@42' because of name duplication
[2026-08-28 14:18:57,026][INFO]:  KiCad Symbol Converter: Symbol pin 'AVSS[132]' at line '15296' was renamed to 'AVSS[132]@43' because of name duplication
[2026-08-28 14:18:57,026][INFO]:  KiCad Symbol Converter: Symbol pin 'AVSS[132]' at line '15315' was renamed to 'AVSS[132]@44' because of name duplication
[2026-08-28 14:18:57,026][INFO]:  KiCad Symbol Converter: Symbol pin 'AVSS[132]' at line '15334' was renamed to 'AVSS[132]@45' because of name duplication
[2026-08-28 14:18:57,026][INFO]:  KiCad Symbol Converter: Symbol pin 'AVSS[132]' at line '15353' was renamed to 'AVSS[132]@46' because of name duplication
[2026-08-28 14:18:57,026][INFO]:  KiCad Symbol Converter: Symbol pin 'VSS[533]' at line '15372' was renamed to 'VSS[533]@233' because of name duplication
[2026-08-28 14:18:57,026][INFO]:  KiCad Symbol Converter: Symbol pin 'VSS[533]' at line '15391' was renamed to 'VSS[533]@234' because of name duplication
[2026-08-28 14:18:57,026][INFO]:  KiCad Symbol Converter: Symbol pin 'VSS[533]' at line '15410' was renamed to 'VSS[533]@235' because of name duplication
[2026-08-28 14:18:57,026][INFO]:  KiCad Symbol Converter: Symbol pin 'VSS[533]' at line '15429' was renamed to 'VSS[533]@236' because of name duplication
[2026-08-28 14:18:57,026][INFO]:  KiCad Symbol Converter: Symbol pin 'VSS[533]' at line '15448' was renamed to 'VSS[533]@237' because of name duplication
[2026-08-28 14:18:57,026][INFO]:  KiCad Symbol Converter: Symbol pin 'AVSS[132]' at line '15467' was renamed to 'AVSS[132]@47' because of name duplication
[2026-08-28 14:18:57,026][INFO]:  KiCad Symbol Converter: Symbol pin 'AVSS[132]' at line '15486' was renamed to 'AVSS[132]@48' because of name duplication
[2026-08-28 14:18:57,026][INFO]:  KiCad Symbol Converter: Symbol pin 'AVSS[132]' at line '15505' was renamed to 'AVSS[132]@49' because of name duplication
[2026-08-28 14:18:57,026][INFO]:  KiCad Symbol Converter: Symbol pin 'AVSS[132]' at line '15524' was renamed to 'AVSS[132]@50' because of name duplication
[2026-08-28 14:18:57,026][INFO]:  KiCad Symbol Converter: Symbol pin 'AVSS[132]' at line '15543' was renamed to 'AVSS[132]@51' because of name duplication
[2026-08-28 14:18:57,027][INFO]:  KiCad Symbol Converter: Symbol pin 'AVSS[132]' at line '15562' was renamed to 'AVSS[132]@52' because of name duplication
[2026-08-28 14:18:57,027][INFO]:  KiCad Symbol Converter: Symbol pin 'AVSS[132]' at line '15581' was renamed to 'AVSS[132]@53' because of name duplication
[2026-08-28 14:18:57,027][INFO]:  KiCad Symbol Converter: Symbol pin 'AVSS[132]' at line '15600' was renamed to 'AVSS[132]@54' because of name duplication
[2026-08-28 14:18:57,027][INFO]:  KiCad Symbol Converter: Symbol pin 'AVSS[132]' at line '15619' was renamed to 'AVSS[132]@55' because of name duplication
[2026-08-28 14:18:57,027][INFO]:  KiCad Symbol Converter: Symbol pin 'AVSS[132]' at line '15638' was renamed to 'AVSS[132]@56' because of name duplication
[2026-08-28 14:18:57,027][INFO]:  KiCad Symbol Converter: Symbol pin 'AVSS[132]' at line '15657' was renamed to 'AVSS[132]@57' because of name duplication
[2026-08-28 14:18:57,027][INFO]:  KiCad Symbol Converter: Symbol pin 'VSS[533]' at line '15676' was renamed to 'VSS[533]@238' because of name duplication
[2026-08-28 14:18:57,027][INFO]:  KiCad Symbol Converter: Symbol pin 'VSS[533]' at line '15695' was renamed to 'VSS[533]@239' because of name duplication
[2026-08-28 14:18:57,027][INFO]:  KiCad Symbol Converter: Symbol pin 'VSS[533]' at line '15714' was renamed to 'VSS[533]@240' because of name duplication
[2026-08-28 14:18:57,027][INFO]:  KiCad Symbol Converter: Symbol pin 'VSS[533]' at line '15733' was renamed to 'VSS[533]@241' because of name duplication
[2026-08-28 14:18:57,027][INFO]:  KiCad Symbol Converter: Symbol pin 'AVSS[132]' at line '15752' was renamed to 'AVSS[132]@58' because of name duplication
[2026-08-28 14:18:57,027][INFO]:  KiCad Symbol Converter: Symbol pin 'AVSS[132]' at line '15771' was renamed to 'AVSS[132]@59' because of name duplication
[2026-08-28 14:18:57,027][INFO]:  KiCad Symbol Converter: Symbol pin 'AVSS[132]' at line '15790' was renamed to 'AVSS[132]@60' because of name duplication
[2026-08-28 14:18:57,027][INFO]:  KiCad Symbol Converter: Symbol pin 'AVSS[132]' at line '15809' was renamed to 'AVSS[132]@61' because of name duplication
[2026-08-28 14:18:57,027][INFO]:  KiCad Symbol Converter: Symbol pin 'AVSS[132]' at line '15828' was renamed to 'AVSS[132]@62' because of name duplication
[2026-08-28 14:18:57,027][INFO]:  KiCad Symbol Converter: Symbol pin 'AVSS[132]' at line '15847' was renamed to 'AVSS[132]@63' because of name duplication
[2026-08-28 14:18:57,027][INFO]:  KiCad Symbol Converter: Symbol pin 'AVSS[132]' at line '15866' was renamed to 'AVSS[132]@64' because of name duplication
[2026-08-28 14:18:57,027][INFO]:  KiCad Symbol Converter: Symbol pin 'AVSS[132]' at line '15885' was renamed to 'AVSS[132]@65' because of name duplication
[2026-08-28 14:18:57,027][INFO]:  KiCad Symbol Converter: Symbol pin 'AVSS[132]' at line '15904' was renamed to 'AVSS[132]@66' because of name duplication
[2026-08-28 14:18:57,027][INFO]:  KiCad Symbol Converter: Symbol pin 'AVSS[132]' at line '15923' was renamed to 'AVSS[132]@67' because of name duplication
[2026-08-28 14:18:57,027][INFO]:  KiCad Symbol Converter: Symbol pin 'AVSS[132]' at line '15942' was renamed to 'AVSS[132]@68' because of name duplication
[2026-08-28 14:18:57,027][INFO]:  KiCad Symbol Converter: Symbol pin 'AVSS[132]' at line '15961' was renamed to 'AVSS[132]@69' because of name duplication
[2026-08-28 14:18:57,027][INFO]:  KiCad Symbol Converter: Symbol pin 'AVSS[132]' at line '15980' was renamed to 'AVSS[132]@70' because of name duplication
[2026-08-28 14:18:57,027][INFO]:  KiCad Symbol Converter: Symbol pin 'AVSS[132]' at line '15999' was renamed to 'AVSS[132]@71' because of name duplication
[2026-08-28 14:18:57,027][INFO]:  KiCad Symbol Converter: Symbol pin 'AVSS[132]' at line '16018' was renamed to 'AVSS[132]@72' because of name duplication
[2026-08-28 14:18:57,027][INFO]:  KiCad Symbol Converter: Symbol pin 'AVSS[132]' at line '16037' was renamed to 'AVSS[132]@73' because of name duplication
[2026-08-28 14:18:57,027][INFO]:  KiCad Symbol Converter: Symbol pin 'AVSS[132]' at line '16056' was renamed to 'AVSS[132]@74' because of name duplication
[2026-08-28 14:18:57,027][INFO]:  KiCad Symbol Converter: Symbol pin 'AVSS[132]' at line '16075' was renamed to 'AVSS[132]@75' because of name duplication
[2026-08-28 14:18:57,027][INFO]:  KiCad Symbol Converter: Symbol pin 'AVSS[132]' at line '16094' was renamed to 'AVSS[132]@76' because of name duplication
[2026-08-28 14:18:57,027][INFO]:  KiCad Symbol Converter: Symbol pin 'AVSS[132]' at line '16113' was renamed to 'AVSS[132]@77' because of name duplication
[2026-08-28 14:18:57,027][INFO]:  KiCad Symbol Converter: Symbol pin 'AVSS[132]' at line '16132' was renamed to 'AVSS[132]@78' because of name duplication
[2026-08-28 14:18:57,027][INFO]:  KiCad Symbol Converter: Symbol pin 'AVSS[132]' at line '16151' was renamed to 'AVSS[132]@79' because of name duplication
[2026-08-28 14:18:57,027][INFO]:  KiCad Symbol Converter: Symbol pin 'AVSS[132]' at line '16170' was renamed to 'AVSS[132]@80' because of name duplication
[2026-08-28 14:18:57,027][INFO]:  KiCad Symbol Converter: Symbol pin 'AVSS[132]' at line '16189' was renamed to 'AVSS[132]@81' because of name duplication
[2026-08-28 14:18:57,027][INFO]:  KiCad Symbol Converter: Symbol pin 'AVSS[132]' at line '16208' was renamed to 'AVSS[132]@82' because of name duplication
[2026-08-28 14:18:57,027][INFO]:  KiCad Symbol Converter: Symbol pin 'AVSS[132]' at line '16227' was renamed to 'AVSS[132]@83' because of name duplication
[2026-08-28 14:18:57,027][INFO]:  KiCad Symbol Converter: Symbol pin 'AVSS[132]' at line '16246' was renamed to 'AVSS[132]@84' because of name duplication
[2026-08-28 14:18:57,027][INFO]:  KiCad Symbol Converter: Symbol pin 'AVSS[132]' at line '16265' was renamed to 'AVSS[132]@85' because of name duplication
[2026-08-28 14:18:57,027][INFO]:  KiCad Symbol Converter: Symbol pin 'AVSS[132]' at line '16284' was renamed to 'AVSS[132]@86' because of name duplication
[2026-08-28 14:18:57,027][INFO]:  KiCad Symbol Converter: Symbol pin 'AVSS[132]' at line '16303' was renamed to 'AVSS[132]@87' because of name duplication
[2026-08-28 14:18:57,027][INFO]:  KiCad Symbol Converter: Symbol pin 'AVSS[132]' at line '16322' was renamed to 'AVSS[132]@88' because of name duplication
[2026-08-28 14:18:57,027][INFO]:  KiCad Symbol Converter: Symbol pin 'AVSS[132]' at line '16341' was renamed to 'AVSS[132]@89' because of name duplication
[2026-08-28 14:18:57,027][INFO]:  KiCad Symbol Converter: Symbol pin 'AVSS[132]' at line '16360' was renamed to 'AVSS[132]@90' because of name duplication
[2026-08-28 14:18:57,027][INFO]:  KiCad Symbol Converter: Symbol pin 'AVSS[132]' at line '16379' was renamed to 'AVSS[132]@91' because of name duplication
[2026-08-28 14:18:57,027][INFO]:  KiCad Symbol Converter: Symbol pin 'AVSS[132]' at line '16398' was renamed to 'AVSS[132]@92' because of name duplication
[2026-08-28 14:18:57,027][INFO]:  KiCad Symbol Converter: Symbol pin 'AVSS[132]' at line '16417' was renamed to 'AVSS[132]@93' because of name duplication
[2026-08-28 14:18:57,027][INFO]:  KiCad Symbol Converter: Symbol pin 'AVSS[132]' at line '16436' was renamed to 'AVSS[132]@94' because of name duplication
[2026-08-28 14:18:57,027][INFO]:  KiCad Symbol Converter: Symbol pin 'VSS[533]' at line '16455' was renamed to 'VSS[533]@242' because of name duplication
[2026-08-28 14:18:57,027][INFO]:  KiCad Symbol Converter: Symbol pin 'VSS[533]' at line '16474' was renamed to 'VSS[533]@243' because of name duplication
[2026-08-28 14:18:57,027][INFO]:  KiCad Symbol Converter: Symbol pin 'VSS[533]' at line '16493' was renamed to 'VSS[533]@244' because of name duplication
[2026-08-28 14:18:57,027][INFO]:  KiCad Symbol Converter: Symbol pin 'VSS[533]' at line '16512' was renamed to 'VSS[533]@245' because of name duplication
[2026-08-28 14:18:57,027][INFO]:  KiCad Symbol Converter: Symbol pin 'VSS[533]' at line '16531' was renamed to 'VSS[533]@246' because of name duplication
[2026-08-28 14:18:57,027][INFO]:  KiCad Symbol Converter: Symbol pin 'VSS[533]' at line '16550' was renamed to 'VSS[533]@247' because of name duplication
[2026-08-28 14:18:57,027][INFO]:  KiCad Symbol Converter: Symbol pin 'VSS[533]' at line '16569' was renamed to 'VSS[533]@248' because of name duplication
[2026-08-28 14:18:57,027][INFO]:  KiCad Symbol Converter: Symbol pin 'VSS[533]' at line '16588' was renamed to 'VSS[533]@249' because of name duplication
[2026-08-28 14:18:57,027][INFO]:  KiCad Symbol Converter: Symbol pin 'VSS[533]' at line '16607' was renamed to 'VSS[533]@250' because of name duplication
[2026-08-28 14:18:57,027][INFO]:  KiCad Symbol Converter: Symbol pin 'VSS[533]' at line '16626' was renamed to 'VSS[533]@251' because of name duplication
[2026-08-28 14:18:57,027][INFO]:  KiCad Symbol Converter: Symbol pin 'VSS[533]' at line '16645' was renamed to 'VSS[533]@252' because of name duplication
[2026-08-28 14:18:57,027][INFO]:  KiCad Symbol Converter: Symbol pin 'VSS[533]' at line '16664' was renamed to 'VSS[533]@253' because of name duplication
[2026-08-28 14:18:57,027][INFO]:  KiCad Symbol Converter: Symbol pin 'VSS[533]' at line '16683' was renamed to 'VSS[533]@254' because of name duplication
[2026-08-28 14:18:57,028][INFO]:  KiCad Symbol Converter: Symbol pin 'VSS[533]' at line '16702' was renamed to 'VSS[533]@255' because of name duplication
[2026-08-28 14:18:57,028][INFO]:  KiCad Symbol Converter: Symbol pin 'VSS[533]' at line '16721' was renamed to 'VSS[533]@256' because of name duplication
[2026-08-28 14:18:57,028][INFO]:  KiCad Symbol Converter: Symbol pin 'VSS[533]' at line '16740' was renamed to 'VSS[533]@257' because of name duplication
[2026-08-28 14:18:57,028][INFO]:  KiCad Symbol Converter: Symbol pin 'VSS[533]' at line '16759' was renamed to 'VSS[533]@258' because of name duplication
[2026-08-28 14:18:57,028][INFO]:  KiCad Symbol Converter: Symbol pin 'VSS[533]' at line '16778' was renamed to 'VSS[533]@259' because of name duplication
[2026-08-28 14:18:57,028][INFO]:  KiCad Symbol Converter: Symbol pin 'VSS[533]' at line '16797' was renamed to 'VSS[533]@260' because of name duplication
[2026-08-28 14:18:57,028][INFO]:  KiCad Symbol Converter: Symbol pin 'VSS[533]' at line '16816' was renamed to 'VSS[533]@261' because of name duplication
[2026-08-28 14:18:57,028][INFO]:  KiCad Symbol Converter: Symbol pin 'AVSS[132]' at line '16835' was renamed to 'AVSS[132]@95' because of name duplication
[2026-08-28 14:18:57,028][INFO]:  KiCad Symbol Converter: Symbol pin 'AVSS[132]' at line '16854' was renamed to 'AVSS[132]@96' because of name duplication
[2026-08-28 14:18:57,028][INFO]:  KiCad Symbol Converter: Symbol pin 'AVSS[132]' at line '16873' was renamed to 'AVSS[132]@97' because of name duplication
[2026-08-28 14:18:57,028][INFO]:  KiCad Symbol Converter: Symbol pin 'AVSS[132]' at line '16892' was renamed to 'AVSS[132]@98' because of name duplication
[2026-08-28 14:18:57,028][INFO]:  KiCad Symbol Converter: Symbol pin 'AVSS[132]' at line '16911' was renamed to 'AVSS[132]@99' because of name duplication
[2026-08-28 14:18:57,028][INFO]:  KiCad Symbol Converter: Symbol pin 'AVSS[132]' at line '16930' was renamed to 'AVSS[132]@100' because of name duplication
[2026-08-28 14:18:57,028][INFO]:  KiCad Symbol Converter: Symbol pin 'AVSS[132]' at line '16949' was renamed to 'AVSS[132]@101' because of name duplication
[2026-08-28 14:18:57,028][INFO]:  KiCad Symbol Converter: Symbol pin 'AVSS[132]' at line '16968' was renamed to 'AVSS[132]@102' because of name duplication
[2026-08-28 14:18:57,028][INFO]:  KiCad Symbol Converter: Symbol pin 'AVSS[132]' at line '16987' was renamed to 'AVSS[132]@103' because of name duplication
[2026-08-28 14:18:57,028][INFO]:  KiCad Symbol Converter: Symbol pin 'AVSS[132]' at line '17006' was renamed to 'AVSS[132]@104' because of name duplication
[2026-08-28 14:18:57,028][INFO]:  KiCad Symbol Converter: Symbol pin 'AVSS[132]' at line '17025' was renamed to 'AVSS[132]@105' because of name duplication
[2026-08-28 14:18:57,028][INFO]:  KiCad Symbol Converter: Symbol pin 'AVSS[132]' at line '17044' was renamed to 'AVSS[132]@106' because of name duplication
[2026-08-28 14:18:57,028][INFO]:  KiCad Symbol Converter: Symbol pin 'AVSS[132]' at line '17063' was renamed to 'AVSS[132]@107' because of name duplication
[2026-08-28 14:18:57,028][INFO]:  KiCad Symbol Converter: Symbol pin 'AVSS[132]' at line '17082' was renamed to 'AVSS[132]@108' because of name duplication
[2026-08-28 14:18:57,028][INFO]:  KiCad Symbol Converter: Symbol pin 'VSS[533]' at line '17101' was renamed to 'VSS[533]@262' because of name duplication
[2026-08-28 14:18:57,028][INFO]:  KiCad Symbol Converter: Symbol pin 'VSS[533]' at line '17120' was renamed to 'VSS[533]@263' because of name duplication
[2026-08-28 14:18:57,028][INFO]:  KiCad Symbol Converter: Symbol pin 'VSS[533]' at line '17139' was renamed to 'VSS[533]@264' because of name duplication
[2026-08-28 14:18:57,028][INFO]:  KiCad Symbol Converter: Symbol pin 'VSS[533]' at line '17158' was renamed to 'VSS[533]@265' because of name duplication
[2026-08-28 14:18:57,028][INFO]:  KiCad Symbol Converter: Symbol pin 'VSS[533]' at line '17177' was renamed to 'VSS[533]@266' because of name duplication
[2026-08-28 14:18:57,028][INFO]:  KiCad Symbol Converter: Symbol pin 'VSS[533]' at line '17196' was renamed to 'VSS[533]@267' because of name duplication
[2026-08-28 14:18:57,028][INFO]:  KiCad Symbol Converter: Symbol pin 'VSS[533]' at line '17215' was renamed to 'VSS[533]@268' because of name duplication
[2026-08-28 14:18:57,028][INFO]:  KiCad Symbol Converter: Symbol pin 'VSS[533]' at line '17234' was renamed to 'VSS[533]@269' because of name duplication
[2026-08-28 14:18:57,028][INFO]:  KiCad Symbol Converter: Symbol pin 'VSS[533]' at line '17253' was renamed to 'VSS[533]@270' because of name duplication
[2026-08-28 14:18:57,028][INFO]:  KiCad Symbol Converter: Symbol pin 'VSS[533]' at line '17272' was renamed to 'VSS[533]@271' because of name duplication
[2026-08-28 14:18:57,028][INFO]:  KiCad Symbol Converter: Symbol pin 'VSS[533]' at line '17291' was renamed to 'VSS[533]@272' because of name duplication
[2026-08-28 14:18:57,028][INFO]:  KiCad Symbol Converter: Symbol pin 'VSS[533]' at line '17310' was renamed to 'VSS[533]@273' because of name duplication
[2026-08-28 14:18:57,028][INFO]:  KiCad Symbol Converter: Symbol pin 'VSS[533]' at line '17329' was renamed to 'VSS[533]@274' because of name duplication
[2026-08-28 14:18:57,028][INFO]:  KiCad Symbol Converter: Symbol pin 'VSS[533]' at line '17348' was renamed to 'VSS[533]@275' because of name duplication
[2026-08-28 14:18:57,028][INFO]:  KiCad Symbol Converter: Symbol pin 'VSS[533]' at line '17367' was renamed to 'VSS[533]@276' because of name duplication
[2026-08-28 14:18:57,028][INFO]:  KiCad Symbol Converter: Symbol pin 'VSS[533]' at line '17386' was renamed to 'VSS[533]@277' because of name duplication
[2026-08-28 14:18:57,028][INFO]:  KiCad Symbol Converter: Symbol pin 'VSS[533]' at line '17405' was renamed to 'VSS[533]@278' because of name duplication
[2026-08-28 14:18:57,028][INFO]:  KiCad Symbol Converter: Symbol pin 'VSS[533]' at line '17424' was renamed to 'VSS[533]@279' because of name duplication
[2026-08-28 14:18:57,028][INFO]:  KiCad Symbol Converter: Symbol pin 'VSS[533]' at line '17443' was renamed to 'VSS[533]@280' because of name duplication
[2026-08-28 14:18:57,028][INFO]:  KiCad Symbol Converter: Symbol pin 'AVSS[132]' at line '17462' was renamed to 'AVSS[132]@109' because of name duplication
[2026-08-28 14:18:57,028][INFO]:  KiCad Symbol Converter: Symbol pin 'VSS[533]' at line '17481' was renamed to 'VSS[533]@281' because of name duplication
[2026-08-28 14:18:57,028][INFO]:  KiCad Symbol Converter: Symbol pin 'VSS[533]' at line '17500' was renamed to 'VSS[533]@282' because of name duplication
[2026-08-28 14:18:57,029][INFO]:  KiCad Symbol Converter: Symbol pin 'VSS[533]' at line '17519' was renamed to 'VSS[533]@283' because of name duplication
[2026-08-28 14:18:57,029][INFO]:  KiCad Symbol Converter: Symbol pin 'VSS[533]' at line '17538' was renamed to 'VSS[533]@284' because of name duplication
[2026-08-28 14:18:57,029][INFO]:  KiCad Symbol Converter: Symbol pin 'VSS[533]' at line '17557' was renamed to 'VSS[533]@285' because of name duplication
[2026-08-28 14:18:57,029][INFO]:  KiCad Symbol Converter: Symbol pin 'VSS[533]' at line '17576' was renamed to 'VSS[533]@286' because of name duplication
[2026-08-28 14:18:57,029][INFO]:  KiCad Symbol Converter: Symbol pin 'VSS[533]' at line '17595' was renamed to 'VSS[533]@287' because of name duplication
[2026-08-28 14:18:57,029][INFO]:  KiCad Symbol Converter: Symbol pin 'VSS[533]' at line '17614' was renamed to 'VSS[533]@288' because of name duplication
[2026-08-28 14:18:57,029][INFO]:  KiCad Symbol Converter: Symbol pin 'VSS[533]' at line '17633' was renamed to 'VSS[533]@289' because of name duplication
[2026-08-28 14:18:57,029][INFO]:  KiCad Symbol Converter: Symbol pin 'VSS[533]' at line '17652' was renamed to 'VSS[533]@290' because of name duplication
[2026-08-28 14:18:57,029][INFO]:  KiCad Symbol Converter: Symbol pin 'VSS[533]' at line '17671' was renamed to 'VSS[533]@291' because of name duplication
[2026-08-28 14:18:57,029][INFO]:  KiCad Symbol Converter: Symbol pin 'VSS[533]' at line '17690' was renamed to 'VSS[533]@292' because of name duplication
[2026-08-28 14:18:57,029][INFO]:  KiCad Symbol Converter: Symbol pin 'VSS[533]' at line '17709' was renamed to 'VSS[533]@293' because of name duplication
[2026-08-28 14:18:57,029][INFO]:  KiCad Symbol Converter: Symbol pin 'VSS[533]' at line '17728' was renamed to 'VSS[533]@294' because of name duplication
[2026-08-28 14:18:57,029][INFO]:  KiCad Symbol Converter: Symbol pin 'VSS[533]' at line '17747' was renamed to 'VSS[533]@295' because of name duplication
[2026-08-28 14:18:57,029][INFO]:  KiCad Symbol Converter: Symbol pin 'VSS[533]' at line '17766' was renamed to 'VSS[533]@296' because of name duplication
[2026-08-28 14:18:57,029][INFO]:  KiCad Symbol Converter: Symbol pin 'VSS[533]' at line '17785' was renamed to 'VSS[533]@297' because of name duplication
[2026-08-28 14:18:57,029][INFO]:  KiCad Symbol Converter: Symbol pin 'VSS[533]' at line '17804' was renamed to 'VSS[533]@298' because of name duplication
[2026-08-28 14:18:57,029][INFO]:  KiCad Symbol Converter: Symbol pin 'VSS[533]' at line '17823' was renamed to 'VSS[533]@299' because of name duplication
[2026-08-28 14:18:57,029][INFO]:  KiCad Symbol Converter: Symbol pin 'VSS[533]' at line '17842' was renamed to 'VSS[533]@300' because of name duplication
[2026-08-28 14:18:57,029][INFO]:  KiCad Symbol Converter: Symbol pin 'VSS[533]' at line '17861' was renamed to 'VSS[533]@301' because of name duplication
[2026-08-28 14:18:57,029][INFO]:  KiCad Symbol Converter: Symbol pin 'VSS[533]' at line '17880' was renamed to 'VSS[533]@302' because of name duplication
[2026-08-28 14:18:57,029][INFO]:  KiCad Symbol Converter: Symbol pin 'VSS[533]' at line '17899' was renamed to 'VSS[533]@303' because of name duplication
[2026-08-28 14:18:57,029][INFO]:  KiCad Symbol Converter: Symbol pin 'VSS[533]' at line '17918' was renamed to 'VSS[533]@304' because of name duplication
[2026-08-28 14:18:57,029][INFO]:  KiCad Symbol Converter: Symbol pin 'VSS[533]' at line '17937' was renamed to 'VSS[533]@305' because of name duplication
[2026-08-28 14:18:57,029][INFO]:  KiCad Symbol Converter: Symbol pin 'VSS[533]' at line '17956' was renamed to 'VSS[533]@306' because of name duplication
[2026-08-28 14:18:57,029][INFO]:  KiCad Symbol Converter: Symbol pin 'VSS[533]' at line '17975' was renamed to 'VSS[533]@307' because of name duplication
[2026-08-28 14:18:57,029][INFO]:  KiCad Symbol Converter: Symbol pin 'VSS[533]' at line '17994' was renamed to 'VSS[533]@308' because of name duplication
[2026-08-28 14:18:57,029][INFO]:  KiCad Symbol Converter: Symbol pin 'VSS[533]' at line '18013' was renamed to 'VSS[533]@309' because of name duplication
[2026-08-28 14:18:57,029][INFO]:  KiCad Symbol Converter: Symbol pin 'VSS[533]' at line '18032' was renamed to 'VSS[533]@310' because of name duplication
[2026-08-28 14:18:57,029][INFO]:  KiCad Symbol Converter: Symbol pin 'VSS[533]' at line '18051' was renamed to 'VSS[533]@311' because of name duplication
[2026-08-28 14:18:57,029][INFO]:  KiCad Symbol Converter: Symbol pin 'VSS[533]' at line '18070' was renamed to 'VSS[533]@312' because of name duplication
[2026-08-28 14:18:57,029][INFO]:  KiCad Symbol Converter: Symbol pin 'VSS[533]' at line '18089' was renamed to 'VSS[533]@313' because of name duplication
[2026-08-28 14:18:57,029][INFO]:  KiCad Symbol Converter: Symbol pin 'VSS[533]' at line '18108' was renamed to 'VSS[533]@314' because of name duplication
[2026-08-28 14:18:57,029][INFO]:  KiCad Symbol Converter: Symbol pin 'AVSS[132]' at line '18127' was renamed to 'AVSS[132]@110' because of name duplication
[2026-08-28 14:18:57,029][INFO]:  KiCad Symbol Converter: Symbol pin 'VSS[533]' at line '18146' was renamed to 'VSS[533]@315' because of name duplication
[2026-08-28 14:18:57,029][INFO]:  KiCad Symbol Converter: Symbol pin 'VSS[533]' at line '18165' was renamed to 'VSS[533]@316' because of name duplication
[2026-08-28 14:18:57,029][INFO]:  KiCad Symbol Converter: Symbol pin 'VSS[533]' at line '18184' was renamed to 'VSS[533]@317' because of name duplication
[2026-08-28 14:18:57,029][INFO]:  KiCad Symbol Converter: Symbol pin 'VSS[533]' at line '18203' was renamed to 'VSS[533]@318' because of name duplication
[2026-08-28 14:18:57,029][INFO]:  KiCad Symbol Converter: Symbol pin 'VSS[533]' at line '18222' was renamed to 'VSS[533]@319' because of name duplication
[2026-08-28 14:18:57,029][INFO]:  KiCad Symbol Converter: Symbol pin 'VSS[533]' at line '18241' was renamed to 'VSS[533]@320' because of name duplication
[2026-08-28 14:18:57,029][INFO]:  KiCad Symbol Converter: Symbol pin 'VSS[533]' at line '18260' was renamed to 'VSS[533]@321' because of name duplication
[2026-08-28 14:18:57,029][INFO]:  KiCad Symbol Converter: Symbol pin 'VSS[533]' at line '18279' was renamed to 'VSS[533]@322' because of name duplication
[2026-08-28 14:18:57,029][INFO]:  KiCad Symbol Converter: Symbol pin 'VSS[533]' at line '18298' was renamed to 'VSS[533]@323' because of name duplication
[2026-08-28 14:18:57,029][INFO]:  KiCad Symbol Converter: Symbol pin 'VSS[533]' at line '18317' was renamed to 'VSS[533]@324' because of name duplication
[2026-08-28 14:18:57,029][INFO]:  KiCad Symbol Converter: Symbol pin 'VSS[533]' at line '18336' was renamed to 'VSS[533]@325' because of name duplication
[2026-08-28 14:18:57,029][INFO]:  KiCad Symbol Converter: Symbol pin 'VSS[533]' at line '18355' was renamed to 'VSS[533]@326' because of name duplication
[2026-08-28 14:18:57,029][INFO]:  KiCad Symbol Converter: Symbol pin 'VSS[533]' at line '18374' was renamed to 'VSS[533]@327' because of name duplication
[2026-08-28 14:18:57,029][INFO]:  KiCad Symbol Converter: Symbol pin 'VSS[533]' at line '18393' was renamed to 'VSS[533]@328' because of name duplication
[2026-08-28 14:18:57,029][INFO]:  KiCad Symbol Converter: Symbol pin 'VSS[533]' at line '18412' was renamed to 'VSS[533]@329' because of name duplication
[2026-08-28 14:18:57,029][INFO]:  KiCad Symbol Converter: Symbol pin 'VSS[533]' at line '18431' was renamed to 'VSS[533]@330' because of name duplication
[2026-08-28 14:18:57,029][INFO]:  KiCad Symbol Converter: Symbol pin 'VSS[533]' at line '18450' was renamed to 'VSS[533]@331' because of name duplication
[2026-08-28 14:18:57,029][INFO]:  KiCad Symbol Converter: Symbol pin 'VSS[533]' at line '18469' was renamed to 'VSS[533]@332' because of name duplication
[2026-08-28 14:18:57,029][INFO]:  KiCad Symbol Converter: Symbol pin 'VSS[533]' at line '18488' was renamed to 'VSS[533]@333' because of name duplication
[2026-08-28 14:18:57,029][INFO]:  KiCad Symbol Converter: Symbol pin 'VSS[533]' at line '18507' was renamed to 'VSS[533]@334' because of name duplication
[2026-08-28 14:18:57,029][INFO]:  KiCad Symbol Converter: Symbol pin 'VSS[533]' at line '18526' was renamed to 'VSS[533]@335' because of name duplication
[2026-08-28 14:18:57,029][INFO]:  KiCad Symbol Converter: Symbol pin 'AVSS[132]' at line '18545' was renamed to 'AVSS[132]@111' because of name duplication
[2026-08-28 14:18:57,029][INFO]:  KiCad Symbol Converter: Symbol pin 'VSS[533]' at line '18564' was renamed to 'VSS[533]@336' because of name duplication
[2026-08-28 14:18:57,029][INFO]:  KiCad Symbol Converter: Symbol pin 'VSS[533]' at line '18583' was renamed to 'VSS[533]@337' because of name duplication
[2026-08-28 14:18:57,029][INFO]:  KiCad Symbol Converter: Symbol pin 'VSS[533]' at line '18602' was renamed to 'VSS[533]@338' because of name duplication
[2026-08-28 14:18:57,029][INFO]:  KiCad Symbol Converter: Symbol pin 'VSS[533]' at line '18621' was renamed to 'VSS[533]@339' because of name duplication
[2026-08-28 14:18:57,029][INFO]:  KiCad Symbol Converter: Symbol pin 'VSS[533]' at line '18640' was renamed to 'VSS[533]@340' because of name duplication
[2026-08-28 14:18:57,029][INFO]:  KiCad Symbol Converter: Symbol pin 'VSS[533]' at line '18659' was renamed to 'VSS[533]@341' because of name duplication
[2026-08-28 14:18:57,029][INFO]:  KiCad Symbol Converter: Symbol pin 'VSS[533]' at line '18678' was renamed to 'VSS[533]@342' because of name duplication
[2026-08-28 14:18:57,029][INFO]:  KiCad Symbol Converter: Symbol pin 'VSS[533]' at line '18697' was renamed to 'VSS[533]@343' because of name duplication
[2026-08-28 14:18:57,029][INFO]:  KiCad Symbol Converter: Symbol pin 'VSS[533]' at line '18716' was renamed to 'VSS[533]@344' because of name duplication
[2026-08-28 14:18:57,030][INFO]:  KiCad Symbol Converter: Symbol pin 'VSS[533]' at line '18753' was renamed to 'VSS[533]@345' because of name duplication
[2026-08-28 14:18:57,030][INFO]:  KiCad Symbol Converter: Symbol pin 'VSS[533]' at line '18772' was renamed to 'VSS[533]@346' because of name duplication
[2026-08-28 14:18:57,030][INFO]:  KiCad Symbol Converter: Symbol pin 'VCCIO4_1V8[2]' at line '18791' was renamed to 'VCCIO4_1V8[2]@1' because of name duplication
[2026-08-28 14:18:57,030][INFO]:  KiCad Symbol Converter: Symbol pin 'VCCIO4_1V8[2]' at line '18809' was renamed to 'VCCIO4_1V8[2]@2' because of name duplication
[2026-08-28 14:18:57,030][INFO]:  KiCad Symbol Converter: Symbol pin 'VSS[533]' at line '18828' was renamed to 'VSS[533]@347' because of name duplication
[2026-08-28 14:18:57,030][INFO]:  KiCad Symbol Converter: Symbol pin 'AVSS[132]' at line '18883' was renamed to 'AVSS[132]@112' because of name duplication
[2026-08-28 14:18:57,030][INFO]:  KiCad Symbol Converter: Symbol pin 'AVSS[132]' at line '18902' was renamed to 'AVSS[132]@113' because of name duplication
[2026-08-28 14:18:57,030][INFO]:  KiCad Symbol Converter: Symbol pin 'VSS[533]' at line '18921' was renamed to 'VSS[533]@348' because of name duplication
[2026-08-28 14:18:57,030][INFO]:  KiCad Symbol Converter: Symbol pin 'VSS[533]' at line '18940' was renamed to 'VSS[533]@349' because of name duplication
[2026-08-28 14:18:57,030][INFO]:  KiCad Symbol Converter: Symbol pin 'VSS[533]' at line '18959' was renamed to 'VSS[533]@350' because of name duplication
[2026-08-28 14:18:57,030][INFO]:  KiCad Symbol Converter: Symbol pin 'VSS[533]' at line '18978' was renamed to 'VSS[533]@351' because of name duplication
[2026-08-28 14:18:57,030][INFO]:  KiCad Symbol Converter: Symbol pin 'VSS[533]' at line '18997' was renamed to 'VSS[533]@352' because of name duplication
[2026-08-28 14:18:57,030][INFO]:  KiCad Symbol Converter: Symbol pin 'VSS[533]' at line '19016' was renamed to 'VSS[533]@353' because of name duplication
[2026-08-28 14:18:57,030][INFO]:  KiCad Symbol Converter: Symbol pin 'DDR_CH1_VDDQ[5]' at line '19035' was renamed to 'DDR_CH1_VDDQ[5]@1' because of name duplication
[2026-08-28 14:18:57,030][INFO]:  KiCad Symbol Converter: Symbol pin 'DDR_CH1_VDDQ[5]' at line '19053' was renamed to 'DDR_CH1_VDDQ[5]@2' because of name duplication
[2026-08-28 14:18:57,030][INFO]:  KiCad Symbol Converter: Symbol pin 'DDR_CH1_VDDQ[5]' at line '19072' was renamed to 'DDR_CH1_VDDQ[5]@3' because of name duplication
[2026-08-28 14:18:57,030][INFO]:  KiCad Symbol Converter: Symbol pin 'DDR_CH1_VDDQ[5]' at line '19091' was renamed to 'DDR_CH1_VDDQ[5]@4' because of name duplication
[2026-08-28 14:18:57,030][INFO]:  KiCad Symbol Converter: Symbol pin 'DDR_CH1_VDDQ[5]' at line '19110' was renamed to 'DDR_CH1_VDDQ[5]@5' because of name duplication
[2026-08-28 14:18:57,030][INFO]:  KiCad Symbol Converter: Symbol pin 'VSS[533]' at line '19129' was renamed to 'VSS[533]@354' because of name duplication
[2026-08-28 14:18:57,030][INFO]:  KiCad Symbol Converter: Symbol pin 'VSS[533]' at line '19166' was renamed to 'VSS[533]@355' because of name duplication
[2026-08-28 14:18:57,030][INFO]:  KiCad Symbol Converter: Symbol pin 'VDD_LOGIC[18]' at line '19185' was renamed to 'VDD_LOGIC[18]@15' because of name duplication
[2026-08-28 14:18:57,030][INFO]:  KiCad Symbol Converter: Symbol pin 'VSS[533]' at line '19204' was renamed to 'VSS[533]@356' because of name duplication
[2026-08-28 14:18:57,030][INFO]:  KiCad Symbol Converter: Symbol pin 'AVSS[132]' at line '19277' was renamed to 'AVSS[132]@114' because of name duplication
[2026-08-28 14:18:57,030][INFO]:  KiCad Symbol Converter: Symbol pin 'AVSS[132]' at line '19296' was renamed to 'AVSS[132]@115' because of name duplication
[2026-08-28 14:18:57,030][INFO]:  KiCad Symbol Converter: Symbol pin 'VSS[533]' at line '19315' was renamed to 'VSS[533]@357' because of name duplication
[2026-08-28 14:18:57,030][INFO]:  KiCad Symbol Converter: Symbol pin 'VSS[533]' at line '19334' was renamed to 'VSS[533]@358' because of name duplication
[2026-08-28 14:18:57,030][INFO]:  KiCad Symbol Converter: Symbol pin 'VSS[533]' at line '19353' was renamed to 'VSS[533]@359' because of name duplication
[2026-08-28 14:18:57,030][INFO]:  KiCad Symbol Converter: Symbol pin 'VSS[533]' at line '19372' was renamed to 'VSS[533]@360' because of name duplication
[2026-08-28 14:18:57,030][INFO]:  KiCad Symbol Converter: Symbol pin 'VSS[533]' at line '19391' was renamed to 'VSS[533]@361' because of name duplication
[2026-08-28 14:18:57,030][INFO]:  KiCad Symbol Converter: Symbol pin 'VSS[533]' at line '19410' was renamed to 'VSS[533]@362' because of name duplication
[2026-08-28 14:18:57,030][INFO]:  KiCad Symbol Converter: Symbol pin 'VSS[533]' at line '19429' was renamed to 'VSS[533]@363' because of name duplication
[2026-08-28 14:18:57,030][INFO]:  KiCad Symbol Converter: Symbol pin 'VSS[533]' at line '19448' was renamed to 'VSS[533]@364' because of name duplication
[2026-08-28 14:18:57,030][INFO]:  KiCad Symbol Converter: Symbol pin 'VSS[533]' at line '19467' was renamed to 'VSS[533]@365' because of name duplication
[2026-08-28 14:18:57,030][INFO]:  KiCad Symbol Converter: Symbol pin 'VSS[533]' at line '19486' was renamed to 'VSS[533]@366' because of name duplication
[2026-08-28 14:18:57,030][INFO]:  KiCad Symbol Converter: Symbol pin 'DDR_CH1_VDD[3]' at line '19505' was renamed to 'DDR_CH1_VDD[3]@1' because of name duplication
[2026-08-28 14:18:57,030][INFO]:  KiCad Symbol Converter: Symbol pin 'DDR_CH1_VDD_MIF[3]' at line '19523' was renamed to 'DDR_CH1_VDD_MIF[3]@1' because of name duplication
[2026-08-28 14:18:57,030][INFO]:  KiCad Symbol Converter: Symbol pin 'VSS[533]' at line '19541' was renamed to 'VSS[533]@367' because of name duplication
[2026-08-28 14:18:57,030][INFO]:  KiCad Symbol Converter: Symbol pin 'VSS[533]' at line '19560' was renamed to 'VSS[533]@368' because of name duplication
[2026-08-28 14:18:57,030][INFO]:  KiCad Symbol Converter: Symbol pin 'VSS[533]' at line '19579' was renamed to 'VSS[533]@369' because of name duplication
[2026-08-28 14:18:57,030][INFO]:  KiCad Symbol Converter: Symbol pin 'VDD_LOGIC[18]' at line '19598' was renamed to 'VDD_LOGIC[18]@16' because of name duplication
[2026-08-28 14:18:57,030][INFO]:  KiCad Symbol Converter: Symbol pin 'VSS[533]' at line '19617' was renamed to 'VSS[533]@370' because of name duplication
[2026-08-28 14:18:57,030][INFO]:  KiCad Symbol Converter: Symbol pin 'VSS[533]' at line '19636' was renamed to 'VSS[533]@371' because of name duplication
[2026-08-28 14:18:57,030][INFO]:  KiCad Symbol Converter: Symbol pin 'VSS[533]' at line '19655' was renamed to 'VSS[533]@372' because of name duplication
[2026-08-28 14:18:57,030][INFO]:  KiCad Symbol Converter: Symbol pin 'AVSS[132]' at line '19692' was renamed to 'AVSS[132]@116' because of name duplication
[2026-08-28 14:18:57,030][INFO]:  KiCad Symbol Converter: Symbol pin 'AVSS[132]' at line '19711' was renamed to 'AVSS[132]@117' because of name duplication
[2026-08-28 14:18:57,030][INFO]:  KiCad Symbol Converter: Symbol pin 'AVSS[132]' at line '19730' was renamed to 'AVSS[132]@118' because of name duplication
[2026-08-28 14:18:57,030][INFO]:  KiCad Symbol Converter: Symbol pin 'VSS[533]' at line '19749' was renamed to 'VSS[533]@373' because of name duplication
[2026-08-28 14:18:57,030][INFO]:  KiCad Symbol Converter: Symbol pin 'VSS[533]' at line '19768' was renamed to 'VSS[533]@374' because of name duplication
[2026-08-28 14:18:57,030][INFO]:  KiCad Symbol Converter: Symbol pin 'VSS[533]' at line '19787' was renamed to 'VSS[533]@375' because of name duplication
[2026-08-28 14:18:57,030][INFO]:  KiCad Symbol Converter: Symbol pin 'VSS[533]' at line '19824' was renamed to 'VSS[533]@376' because of name duplication
[2026-08-28 14:18:57,030][INFO]:  KiCad Symbol Converter: Symbol pin 'VSS[533]' at line '19843' was renamed to 'VSS[533]@377' because of name duplication
[2026-08-28 14:18:57,031][INFO]:  KiCad Symbol Converter: Symbol pin 'VSS[533]' at line '19862' was renamed to 'VSS[533]@378' because of name duplication
[2026-08-28 14:18:57,031][INFO]:  KiCad Symbol Converter: Symbol pin 'VSS[533]' at line '19881' was renamed to 'VSS[533]@379' because of name duplication
[2026-08-28 14:18:57,031][INFO]:  KiCad Symbol Converter: Symbol pin 'VSS[533]' at line '19900' was renamed to 'VSS[533]@380' because of name duplication
[2026-08-28 14:18:57,031][INFO]:  KiCad Symbol Converter: Symbol pin 'DDR_CH1_VDD[3]' at line '19919' was renamed to 'DDR_CH1_VDD[3]@2' because of name duplication
[2026-08-28 14:18:57,031][INFO]:  KiCad Symbol Converter: Symbol pin 'DDR_CH1_VDD_MIF[3]' at line '19938' was renamed to 'DDR_CH1_VDD_MIF[3]@2' because of name duplication
[2026-08-28 14:18:57,031][INFO]:  KiCad Symbol Converter: Symbol pin 'VSS[533]' at line '19957' was renamed to 'VSS[533]@381' because of name duplication
[2026-08-28 14:18:57,031][INFO]:  KiCad Symbol Converter: Symbol pin 'VSS[533]' at line '19976' was renamed to 'VSS[533]@382' because of name duplication
[2026-08-28 14:18:57,031][INFO]:  KiCad Symbol Converter: Symbol pin 'VSS[533]' at line '19995' was renamed to 'VSS[533]@383' because of name duplication
[2026-08-28 14:18:57,031][INFO]:  KiCad Symbol Converter: Symbol pin 'VSS[533]' at line '20014' was renamed to 'VSS[533]@384' because of name duplication
[2026-08-28 14:18:57,031][INFO]:  KiCad Symbol Converter: Symbol pin 'VDD_CPU_BIG0[14]' at line '20033' was renamed to 'VDD_CPU_BIG0[14]@1' because of name duplication
[2026-08-28 14:18:57,031][INFO]:  KiCad Symbol Converter: Symbol pin 'VDD_CPU_BIG0[14]' at line '20051' was renamed to 'VDD_CPU_BIG0[14]@2' because of name duplication
[2026-08-28 14:18:57,031][INFO]:  KiCad Symbol Converter: Symbol pin 'VDD_CPU_BIG0[14]' at line '20070' was renamed to 'VDD_CPU_BIG0[14]@3' because of name duplication
[2026-08-28 14:18:57,031][INFO]:  KiCad Symbol Converter: Symbol pin 'VDD_CPU_BIG0[14]' at line '20089' was renamed to 'VDD_CPU_BIG0[14]@4' because of name duplication
[2026-08-28 14:18:57,031][INFO]:  KiCad Symbol Converter: Symbol pin 'VSS[533]' at line '20108' was renamed to 'VSS[533]@385' because of name duplication
[2026-08-28 14:18:57,031][INFO]:  KiCad Symbol Converter: Symbol pin 'VSS[533]' at line '20127' was renamed to 'VSS[533]@386' because of name duplication
[2026-08-28 14:18:57,031][INFO]:  KiCad Symbol Converter: Symbol pin 'VSS[533]' at line '20146' was renamed to 'VSS[533]@387' because of name duplication
[2026-08-28 14:18:57,031][INFO]:  KiCad Symbol Converter: Symbol pin 'AVSS[132]' at line '20165' was renamed to 'AVSS[132]@119' because of name duplication
[2026-08-28 14:18:57,031][INFO]:  KiCad Symbol Converter: Symbol pin 'AVSS[132]' at line '20184' was renamed to 'AVSS[132]@120' because of name duplication
[2026-08-28 14:18:57,031][INFO]:  KiCad Symbol Converter: Symbol pin 'AVSS[132]' at line '20203' was renamed to 'AVSS[132]@121' because of name duplication
[2026-08-28 14:18:57,031][INFO]:  KiCad Symbol Converter: Symbol pin 'AVSS[132]' at line '20222' was renamed to 'AVSS[132]@122' because of name duplication
[2026-08-28 14:18:57,031][INFO]:  KiCad Symbol Converter: Symbol pin 'AVSS[132]' at line '20241' was renamed to 'AVSS[132]@123' because of name duplication
[2026-08-28 14:18:57,031][INFO]:  KiCad Symbol Converter: Symbol pin 'AVSS[132]' at line '20260' was renamed to 'AVSS[132]@124' because of name duplication
[2026-08-28 14:18:57,031][INFO]:  KiCad Symbol Converter: Symbol pin 'AVSS[132]' at line '20279' was renamed to 'AVSS[132]@125' because of name duplication
[2026-08-28 14:18:57,031][INFO]:  KiCad Symbol Converter: Symbol pin 'VSS[533]' at line '20298' was renamed to 'VSS[533]@388' because of name duplication
[2026-08-28 14:18:57,031][INFO]:  KiCad Symbol Converter: Symbol pin 'VSS[533]' at line '20317' was renamed to 'VSS[533]@389' because of name duplication
[2026-08-28 14:18:57,031][INFO]:  KiCad Symbol Converter: Symbol pin 'VSS[533]' at line '20336' was renamed to 'VSS[533]@390' because of name duplication
[2026-08-28 14:18:57,031][INFO]:  KiCad Symbol Converter: Symbol pin 'VSS[533]' at line '20355' was renamed to 'VSS[533]@391' because of name duplication
[2026-08-28 14:18:57,031][INFO]:  KiCad Symbol Converter: Symbol pin 'VSS[533]' at line '20392' was renamed to 'VSS[533]@392' because of name duplication
[2026-08-28 14:18:57,031][INFO]:  KiCad Symbol Converter: Symbol pin 'VSS[533]' at line '20411' was renamed to 'VSS[533]@393' because of name duplication
[2026-08-28 14:18:57,031][INFO]:  KiCad Symbol Converter: Symbol pin 'VSS[533]' at line '20430' was renamed to 'VSS[533]@394' because of name duplication
[2026-08-28 14:18:57,031][INFO]:  KiCad Symbol Converter: Symbol pin 'VSS[533]' at line '20449' was renamed to 'VSS[533]@395' because of name duplication
[2026-08-28 14:18:57,031][INFO]:  KiCad Symbol Converter: Symbol pin 'DDR_CH1_VDD[3]' at line '20486' was renamed to 'DDR_CH1_VDD[3]@3' because of name duplication
[2026-08-28 14:18:57,031][INFO]:  KiCad Symbol Converter: Symbol pin 'DDR_CH1_VDD_MIF[3]' at line '20505' was renamed to 'DDR_CH1_VDD_MIF[3]@3' because of name duplication
[2026-08-28 14:18:57,031][INFO]:  KiCad Symbol Converter: Symbol pin 'VSS[533]' at line '20524' was renamed to 'VSS[533]@396' because of name duplication
[2026-08-28 14:18:57,031][INFO]:  KiCad Symbol Converter: Symbol pin 'VSS[533]' at line '20543' was renamed to 'VSS[533]@397' because of name duplication
[2026-08-28 14:18:57,031][INFO]:  KiCad Symbol Converter: Symbol pin 'VSS[533]' at line '20562' was renamed to 'VSS[533]@398' because of name duplication
[2026-08-28 14:18:57,031][INFO]:  KiCad Symbol Converter: Symbol pin 'VSS[533]' at line '20581' was renamed to 'VSS[533]@399' because of name duplication
[2026-08-28 14:18:57,031][INFO]:  KiCad Symbol Converter: Symbol pin 'VSS[533]' at line '20600' was renamed to 'VSS[533]@400' because of name duplication
[2026-08-28 14:18:57,031][INFO]:  KiCad Symbol Converter: Symbol pin 'AVSS[132]' at line '20619' was renamed to 'AVSS[132]@126' because of name duplication
[2026-08-28 14:18:57,031][INFO]:  KiCad Symbol Converter: Symbol pin 'AVSS[132]' at line '20638' was renamed to 'AVSS[132]@127' because of name duplication
[2026-08-28 14:18:57,031][INFO]:  KiCad Symbol Converter: Symbol pin 'VSS[533]' at line '20657' was renamed to 'VSS[533]@401' because of name duplication
[2026-08-28 14:18:57,031][INFO]:  KiCad Symbol Converter: Symbol pin 'AVSS[132]' at line '20676' was renamed to 'AVSS[132]@128' because of name duplication
[2026-08-28 14:18:57,031][INFO]:  KiCad Symbol Converter: Symbol pin 'VSS[533]' at line '20695' was renamed to 'VSS[533]@402' because of name duplication
[2026-08-28 14:18:57,031][INFO]:  KiCad Symbol Converter: Symbol pin 'VSS[533]' at line '20714' was renamed to 'VSS[533]@403' because of name duplication
[2026-08-28 14:18:57,031][INFO]:  KiCad Symbol Converter: Symbol pin 'VSS[533]' at line '20769' was renamed to 'VSS[533]@404' because of name duplication
[2026-08-28 14:18:57,031][INFO]:  KiCad Symbol Converter: Symbol pin 'VSS[533]' at line '20788' was renamed to 'VSS[533]@405' because of name duplication
[2026-08-28 14:18:57,031][INFO]:  KiCad Symbol Converter: Symbol pin 'VSS[533]' at line '20807' was renamed to 'VSS[533]@406' because of name duplication
[2026-08-28 14:18:57,031][INFO]:  KiCad Symbol Converter: Symbol pin 'VSS[533]' at line '20826' was renamed to 'VSS[533]@407' because of name duplication
[2026-08-28 14:18:57,031][INFO]:  KiCad Symbol Converter: Symbol pin 'VSS[533]' at line '20845' was renamed to 'VSS[533]@408' because of name duplication
[2026-08-28 14:18:57,031][INFO]:  KiCad Symbol Converter: Symbol pin 'VSS[533]' at line '20882' was renamed to 'VSS[533]@409' because of name duplication
[2026-08-28 14:18:57,031][INFO]:  KiCad Symbol Converter: Symbol pin 'VSS[533]' at line '20901' was renamed to 'VSS[533]@410' because of name duplication
[2026-08-28 14:18:57,032][INFO]:  KiCad Symbol Converter: Symbol pin 'VSS[533]' at line '20920' was renamed to 'VSS[533]@411' because of name duplication
[2026-08-28 14:18:57,032][INFO]:  KiCad Symbol Converter: Symbol pin 'VSS[533]' at line '20939' was renamed to 'VSS[533]@412' because of name duplication
[2026-08-28 14:18:57,032][INFO]:  KiCad Symbol Converter: Symbol pin 'VSS[533]' at line '20958' was renamed to 'VSS[533]@413' because of name duplication
[2026-08-28 14:18:57,032][INFO]:  KiCad Symbol Converter: Symbol pin 'VDD_CPU_BIG0[14]' at line '20977' was renamed to 'VDD_CPU_BIG0[14]@5' because of name duplication
[2026-08-28 14:18:57,032][INFO]:  KiCad Symbol Converter: Symbol pin 'VDD_CPU_BIG0[14]' at line '20996' was renamed to 'VDD_CPU_BIG0[14]@6' because of name duplication
[2026-08-28 14:18:57,032][INFO]:  KiCad Symbol Converter: Symbol pin 'VDD_CPU_BIG0[14]' at line '21015' was renamed to 'VDD_CPU_BIG0[14]@7' because of name duplication
[2026-08-28 14:18:57,032][INFO]:  KiCad Symbol Converter: Symbol pin 'VDD_CPU_BIG0[14]' at line '21034' was renamed to 'VDD_CPU_BIG0[14]@8' because of name duplication
[2026-08-28 14:18:57,032][INFO]:  KiCad Symbol Converter: Symbol pin 'VDD_CPU_BIG0[14]' at line '21053' was renamed to 'VDD_CPU_BIG0[14]@9' because of name duplication
[2026-08-28 14:18:57,032][INFO]:  KiCad Symbol Converter: Symbol pin 'AVSS[132]' at line '21072' was renamed to 'AVSS[132]@129' because of name duplication
[2026-08-28 14:18:57,032][INFO]:  KiCad Symbol Converter: Symbol pin 'AVSS[132]' at line '21091' was renamed to 'AVSS[132]@130' because of name duplication
[2026-08-28 14:18:57,032][INFO]:  KiCad Symbol Converter: Symbol pin 'VSS[533]' at line '21110' was renamed to 'VSS[533]@414' because of name duplication
[2026-08-28 14:18:57,032][INFO]:  KiCad Symbol Converter: Symbol pin 'VSS[533]' at line '21129' was renamed to 'VSS[533]@415' because of name duplication
[2026-08-28 14:18:57,032][INFO]:  KiCad Symbol Converter: Symbol pin 'VSS[533]' at line '21148' was renamed to 'VSS[533]@416' because of name duplication
[2026-08-28 14:18:57,032][INFO]:  KiCad Symbol Converter: Symbol pin 'VSS[533]' at line '21167' was renamed to 'VSS[533]@417' because of name duplication
[2026-08-28 14:18:57,032][INFO]:  KiCad Symbol Converter: Symbol pin 'VSS[533]' at line '21186' was renamed to 'VSS[533]@418' because of name duplication
[2026-08-28 14:18:57,032][INFO]:  KiCad Symbol Converter: Symbol pin 'VSS[533]' at line '21205' was renamed to 'VSS[533]@419' because of name duplication
[2026-08-28 14:18:57,032][INFO]:  KiCad Symbol Converter: Symbol pin 'VSS[533]' at line '21224' was renamed to 'VSS[533]@420' because of name duplication
[2026-08-28 14:18:57,032][INFO]:  KiCad Symbol Converter: Symbol pin 'AVSS[132]' at line '21243' was renamed to 'AVSS[132]@131' because of name duplication
[2026-08-28 14:18:57,032][INFO]:  KiCad Symbol Converter: Symbol pin 'VSS[533]' at line '21262' was renamed to 'VSS[533]@421' because of name duplication
[2026-08-28 14:18:57,032][INFO]:  KiCad Symbol Converter: Symbol pin 'VSS[533]' at line '21281' was renamed to 'VSS[533]@422' because of name duplication
[2026-08-28 14:18:57,032][INFO]:  KiCad Symbol Converter: Symbol pin 'VSS[533]' at line '21300' was renamed to 'VSS[533]@423' because of name duplication
[2026-08-28 14:18:57,032][INFO]:  KiCad Symbol Converter: Symbol pin 'VSS[533]' at line '21319' was renamed to 'VSS[533]@424' because of name duplication
[2026-08-28 14:18:57,032][INFO]:  KiCad Symbol Converter: Symbol pin 'VSS[533]' at line '21338' was renamed to 'VSS[533]@425' because of name duplication
[2026-08-28 14:18:57,032][INFO]:  KiCad Symbol Converter: Symbol pin 'VDD_CPU_BIG0[14]' at line '21357' was renamed to 'VDD_CPU_BIG0[14]@10' because of name duplication
[2026-08-28 14:18:57,032][INFO]:  KiCad Symbol Converter: Symbol pin 'VDD_CPU_BIG0[14]' at line '21376' was renamed to 'VDD_CPU_BIG0[14]@11' because of name duplication
[2026-08-28 14:18:57,032][INFO]:  KiCad Symbol Converter: Symbol pin 'AVSS[132]' at line '21395' was renamed to 'AVSS[132]@132' because of name duplication
[2026-08-28 14:18:57,032][INFO]:  KiCad Symbol Converter: Symbol pin 'VSS[533]' at line '21414' was renamed to 'VSS[533]@426' because of name duplication
[2026-08-28 14:18:57,032][INFO]:  KiCad Symbol Converter: Symbol pin 'VSS[533]' at line '21433' was renamed to 'VSS[533]@427' because of name duplication
[2026-08-28 14:18:57,032][INFO]:  KiCad Symbol Converter: Symbol pin 'VSS[533]' at line '21452' was renamed to 'VSS[533]@428' because of name duplication
[2026-08-28 14:18:57,032][INFO]:  KiCad Symbol Converter: Symbol pin 'VSS[533]' at line '21471' was renamed to 'VSS[533]@429' because of name duplication
[2026-08-28 14:18:57,032][INFO]:  KiCad Symbol Converter: Symbol pin 'VSS[533]' at line '21490' was renamed to 'VSS[533]@430' because of name duplication
[2026-08-28 14:18:57,032][INFO]:  KiCad Symbol Converter: Symbol pin 'VSS[533]' at line '21509' was renamed to 'VSS[533]@431' because of name duplication
[2026-08-28 14:18:57,032][INFO]:  KiCad Symbol Converter: Symbol pin 'VSS[533]' at line '21528' was renamed to 'VSS[533]@432' because of name duplication
[2026-08-28 14:18:57,032][INFO]:  KiCad Symbol Converter: Symbol pin 'VSS[533]' at line '21547' was renamed to 'VSS[533]@433' because of name duplication
[2026-08-28 14:18:57,032][INFO]:  KiCad Symbol Converter: Symbol pin 'VSS[533]' at line '21566' was renamed to 'VSS[533]@434' because of name duplication
[2026-08-28 14:18:57,032][INFO]:  KiCad Symbol Converter: Symbol pin 'DDR_CH0_VDDQ[6]' at line '21585' was renamed to 'DDR_CH0_VDDQ[6]@1' because of name duplication
[2026-08-28 14:18:57,032][INFO]:  KiCad Symbol Converter: Symbol pin 'VSS[533]' at line '21603' was renamed to 'VSS[533]@435' because of name duplication
[2026-08-28 14:18:57,032][INFO]:  KiCad Symbol Converter: Symbol pin 'VDD_VDENC[9]' at line '21622' was renamed to 'VDD_VDENC[9]@3' because of name duplication
[2026-08-28 14:18:57,032][INFO]:  KiCad Symbol Converter: Symbol pin 'VSS[533]' at line '21641' was renamed to 'VSS[533]@436' because of name duplication
[2026-08-28 14:18:57,032][INFO]:  KiCad Symbol Converter: Symbol pin 'VSS[533]' at line '21660' was renamed to 'VSS[533]@437' because of name duplication
[2026-08-28 14:18:57,032][INFO]:  KiCad Symbol Converter: Symbol pin 'VSS[533]' at line '21679' was renamed to 'VSS[533]@438' because of name duplication
[2026-08-28 14:18:57,032][INFO]:  KiCad Symbol Converter: Symbol pin 'VSS[533]' at line '21698' was renamed to 'VSS[533]@439' because of name duplication
[2026-08-28 14:18:57,032][INFO]:  KiCad Symbol Converter: Symbol pin 'VDD_CPU_BIG0[14]' at line '21717' was renamed to 'VDD_CPU_BIG0[14]@12' because of name duplication
[2026-08-28 14:18:57,032][INFO]:  KiCad Symbol Converter: Symbol pin 'VSS[533]' at line '21736' was renamed to 'VSS[533]@440' because of name duplication
[2026-08-28 14:18:57,033][INFO]:  KiCad Symbol Converter: Symbol pin 'VSS[533]' at line '21755' was renamed to 'VSS[533]@441' because of name duplication
[2026-08-28 14:18:57,033][INFO]:  KiCad Symbol Converter: Symbol pin 'VSS[533]' at line '21774' was renamed to 'VSS[533]@442' because of name duplication
[2026-08-28 14:18:57,033][INFO]:  KiCad Symbol Converter: Symbol pin 'VSS[533]' at line '21793' was renamed to 'VSS[533]@443' because of name duplication
[2026-08-28 14:18:57,033][INFO]:  KiCad Symbol Converter: Symbol pin 'VSS[533]' at line '21812' was renamed to 'VSS[533]@444' because of name duplication
[2026-08-28 14:18:57,033][INFO]:  KiCad Symbol Converter: Symbol pin 'VSS[533]' at line '21831' was renamed to 'VSS[533]@445' because of name duplication
[2026-08-28 14:18:57,033][INFO]:  KiCad Symbol Converter: Symbol pin 'VSS[533]' at line '21850' was renamed to 'VSS[533]@446' because of name duplication
[2026-08-28 14:18:57,033][INFO]:  KiCad Symbol Converter: Symbol pin 'VSS[533]' at line '21869' was renamed to 'VSS[533]@447' because of name duplication
[2026-08-28 14:18:57,033][INFO]:  KiCad Symbol Converter: Symbol pin 'VSS[533]' at line '21888' was renamed to 'VSS[533]@448' because of name duplication
[2026-08-28 14:18:57,033][INFO]:  KiCad Symbol Converter: Symbol pin 'VSS[533]' at line '21907' was renamed to 'VSS[533]@449' because of name duplication
[2026-08-28 14:18:57,033][INFO]:  KiCad Symbol Converter: Symbol pin 'VSS[533]' at line '21926' was renamed to 'VSS[533]@450' because of name duplication
[2026-08-28 14:18:57,033][INFO]:  KiCad Symbol Converter: Symbol pin 'VSS[533]' at line '21945' was renamed to 'VSS[533]@451' because of name duplication
[2026-08-28 14:18:57,033][INFO]:  KiCad Symbol Converter: Symbol pin 'VSS[533]' at line '21964' was renamed to 'VSS[533]@452' because of name duplication
[2026-08-28 14:18:57,033][INFO]:  KiCad Symbol Converter: Symbol pin 'DDR_CH0_VDDQ[6]' at line '21983' was renamed to 'DDR_CH0_VDDQ[6]@2' because of name duplication
[2026-08-28 14:18:57,033][INFO]:  KiCad Symbol Converter: Symbol pin 'VDD_VDENC[9]' at line '22002' was renamed to 'VDD_VDENC[9]@4' because of name duplication
[2026-08-28 14:18:57,033][INFO]:  KiCad Symbol Converter: Symbol pin 'VSS[533]' at line '22021' was renamed to 'VSS[533]@453' because of name duplication
[2026-08-28 14:18:57,033][INFO]:  KiCad Symbol Converter: Symbol pin 'VSS[533]' at line '22040' was renamed to 'VSS[533]@454' because of name duplication
[2026-08-28 14:18:57,033][INFO]:  KiCad Symbol Converter: Symbol pin 'VSS[533]' at line '22059' was renamed to 'VSS[533]@455' because of name duplication
[2026-08-28 14:18:57,033][INFO]:  KiCad Symbol Converter: Symbol pin 'VDD_CPU_BIG0[14]' at line '22078' was renamed to 'VDD_CPU_BIG0[14]@13' because of name duplication
[2026-08-28 14:18:57,033][INFO]:  KiCad Symbol Converter: Symbol pin 'VDD_CPU_BIG0[14]' at line '22097' was renamed to 'VDD_CPU_BIG0[14]@14' because of name duplication
[2026-08-28 14:18:57,033][INFO]:  KiCad Symbol Converter: Symbol pin 'VSS[533]' at line '22116' was renamed to 'VSS[533]@456' because of name duplication
[2026-08-28 14:18:57,033][INFO]:  KiCad Symbol Converter: Symbol pin 'VDD_CPU_BIG1[14]' at line '22135' was renamed to 'VDD_CPU_BIG1[14]@1' because of name duplication
[2026-08-28 14:18:57,033][INFO]:  KiCad Symbol Converter: Symbol pin 'VDD_CPU_BIG1[14]' at line '22153' was renamed to 'VDD_CPU_BIG1[14]@2' because of name duplication
[2026-08-28 14:18:57,033][INFO]:  KiCad Symbol Converter: Symbol pin 'VDD_CPU_BIG1[14]' at line '22172' was renamed to 'VDD_CPU_BIG1[14]@3' because of name duplication
[2026-08-28 14:18:57,033][INFO]:  KiCad Symbol Converter: Symbol pin 'VDD_CPU_BIG1[14]' at line '22191' was renamed to 'VDD_CPU_BIG1[14]@4' because of name duplication
[2026-08-28 14:18:57,033][INFO]:  KiCad Symbol Converter: Symbol pin 'VDD_CPU_BIG1[14]' at line '22210' was renamed to 'VDD_CPU_BIG1[14]@5' because of name duplication
[2026-08-28 14:18:57,033][INFO]:  KiCad Symbol Converter: Symbol pin 'VDD_CPU_BIG1[14]' at line '22229' was renamed to 'VDD_CPU_BIG1[14]@6' because of name duplication
[2026-08-28 14:18:57,033][INFO]:  KiCad Symbol Converter: Symbol pin 'VDD_CPU_BIG1[14]' at line '22248' was renamed to 'VDD_CPU_BIG1[14]@7' because of name duplication
[2026-08-28 14:18:57,033][INFO]:  KiCad Symbol Converter: Symbol pin 'VDD_CPU_BIG1[14]' at line '22267' was renamed to 'VDD_CPU_BIG1[14]@8' because of name duplication
[2026-08-28 14:18:57,033][INFO]:  KiCad Symbol Converter: Symbol pin 'VSS[533]' at line '22286' was renamed to 'VSS[533]@457' because of name duplication
[2026-08-28 14:18:57,033][INFO]:  KiCad Symbol Converter: Symbol pin 'VSS[533]' at line '22305' was renamed to 'VSS[533]@458' because of name duplication
[2026-08-28 14:18:57,033][INFO]:  KiCad Symbol Converter: Symbol pin 'VSS[533]' at line '22324' was renamed to 'VSS[533]@459' because of name duplication
[2026-08-28 14:18:57,033][INFO]:  KiCad Symbol Converter: Symbol pin 'VSS[533]' at line '22343' was renamed to 'VSS[533]@460' because of name duplication
[2026-08-28 14:18:57,033][INFO]:  KiCad Symbol Converter: Symbol pin 'VSS[533]' at line '22362' was renamed to 'VSS[533]@461' because of name duplication
[2026-08-28 14:18:57,033][INFO]:  KiCad Symbol Converter: Symbol pin 'DDR_CH0_VDDQ[6]' at line '22381' was renamed to 'DDR_CH0_VDDQ[6]@3' because of name duplication
[2026-08-28 14:18:57,033][INFO]:  KiCad Symbol Converter: Symbol pin 'DDR_CH0_VDD[4]' at line '22400' was renamed to 'DDR_CH0_VDD[4]@1' because of name duplication
[2026-08-28 14:18:57,033][INFO]:  KiCad Symbol Converter: Symbol pin 'DDR_CH0_VDD[4]' at line '22418' was renamed to 'DDR_CH0_VDD[4]@2' because of name duplication
[2026-08-28 14:18:57,033][INFO]:  KiCad Symbol Converter: Symbol pin 'VDD_VDENC[9]' at line '22437' was renamed to 'VDD_VDENC[9]@5' because of name duplication
[2026-08-28 14:18:57,033][INFO]:  KiCad Symbol Converter: Symbol pin 'VSS[533]' at line '22456' was renamed to 'VSS[533]@462' because of name duplication
[2026-08-28 14:18:57,033][INFO]:  KiCad Symbol Converter: Symbol pin 'VSS[533]' at line '22475' was renamed to 'VSS[533]@463' because of name duplication
[2026-08-28 14:18:57,033][INFO]:  KiCad Symbol Converter: Symbol pin 'VSS[533]' at line '22494' was renamed to 'VSS[533]@464' because of name duplication
[2026-08-28 14:18:57,033][INFO]:  KiCad Symbol Converter: Symbol pin 'VSS[533]' at line '22513' was renamed to 'VSS[533]@465' because of name duplication
[2026-08-28 14:18:57,033][INFO]:  KiCad Symbol Converter: Symbol pin 'VSS[533]' at line '22532' was renamed to 'VSS[533]@466' because of name duplication
[2026-08-28 14:18:57,033][INFO]:  KiCad Symbol Converter: Symbol pin 'VSS[533]' at line '22551' was renamed to 'VSS[533]@467' because of name duplication
[2026-08-28 14:18:57,033][INFO]:  KiCad Symbol Converter: Symbol pin 'VSS[533]' at line '22570' was renamed to 'VSS[533]@468' because of name duplication
[2026-08-28 14:18:57,033][INFO]:  KiCad Symbol Converter: Symbol pin 'VDD_CPU_BIG1[14]' at line '22589' was renamed to 'VDD_CPU_BIG1[14]@9' because of name duplication
[2026-08-28 14:18:57,033][INFO]:  KiCad Symbol Converter: Symbol pin 'VSS[533]' at line '22608' was renamed to 'VSS[533]@469' because of name duplication
[2026-08-28 14:18:57,033][INFO]:  KiCad Symbol Converter: Symbol pin 'VSS[533]' at line '22627' was renamed to 'VSS[533]@470' because of name duplication
[2026-08-28 14:18:57,033][INFO]:  KiCad Symbol Converter: Symbol pin 'VSS[533]' at line '22646' was renamed to 'VSS[533]@471' because of name duplication
[2026-08-28 14:18:57,033][INFO]:  KiCad Symbol Converter: Symbol pin 'VSS[533]' at line '22665' was renamed to 'VSS[533]@472' because of name duplication
[2026-08-28 14:18:57,033][INFO]:  KiCad Symbol Converter: Symbol pin 'VSS[533]' at line '22684' was renamed to 'VSS[533]@473' because of name duplication
[2026-08-28 14:18:57,033][INFO]:  KiCad Symbol Converter: Symbol pin 'VSS[533]' at line '22703' was renamed to 'VSS[533]@474' because of name duplication
[2026-08-28 14:18:57,033][INFO]:  KiCad Symbol Converter: Symbol pin 'VSS[533]' at line '22722' was renamed to 'VSS[533]@475' because of name duplication
[2026-08-28 14:18:57,033][INFO]:  KiCad Symbol Converter: Symbol pin 'VSS[533]' at line '22741' was renamed to 'VSS[533]@476' because of name duplication
[2026-08-28 14:18:57,033][INFO]:  KiCad Symbol Converter: Symbol pin 'VSS[533]' at line '22760' was renamed to 'VSS[533]@477' because of name duplication
[2026-08-28 14:18:57,033][INFO]:  KiCad Symbol Converter: Symbol pin 'DDR_CH0_VDD[4]' at line '22779' was renamed to 'DDR_CH0_VDD[4]@3' because of name duplication
[2026-08-28 14:18:57,033][INFO]:  KiCad Symbol Converter: Symbol pin 'DDR_CH0_VDD[4]' at line '22798' was renamed to 'DDR_CH0_VDD[4]@4' because of name duplication
[2026-08-28 14:18:57,033][INFO]:  KiCad Symbol Converter: Symbol pin 'VDD_VDENC[9]' at line '22817' was renamed to 'VDD_VDENC[9]@6' because of name duplication
[2026-08-28 14:18:57,033][INFO]:  KiCad Symbol Converter: Symbol pin 'VSS[533]' at line '22836' was renamed to 'VSS[533]@478' because of name duplication
[2026-08-28 14:18:57,033][INFO]:  KiCad Symbol Converter: Symbol pin 'VSS[533]' at line '22855' was renamed to 'VSS[533]@479' because of name duplication
[2026-08-28 14:18:57,033][INFO]:  KiCad Symbol Converter: Symbol pin 'VSS[533]' at line '22874' was renamed to 'VSS[533]@480' because of name duplication
[2026-08-28 14:18:57,033][INFO]:  KiCad Symbol Converter: Symbol pin 'VSS[533]' at line '22893' was renamed to 'VSS[533]@481' because of name duplication
[2026-08-28 14:18:57,033][INFO]:  KiCad Symbol Converter: Symbol pin 'VSS[533]' at line '22912' was renamed to 'VSS[533]@482' because of name duplication
[2026-08-28 14:18:57,033][INFO]:  KiCad Symbol Converter: Symbol pin 'VSS[533]' at line '22931' was renamed to 'VSS[533]@483' because of name duplication
[2026-08-28 14:18:57,033][INFO]:  KiCad Symbol Converter: Symbol pin 'VSS[533]' at line '22950' was renamed to 'VSS[533]@484' because of name duplication
[2026-08-28 14:18:57,033][INFO]:  KiCad Symbol Converter: Symbol pin 'VSS[533]' at line '22969' was renamed to 'VSS[533]@485' because of name duplication
[2026-08-28 14:18:57,033][INFO]:  KiCad Symbol Converter: Symbol pin 'VSS[533]' at line '22988' was renamed to 'VSS[533]@486' because of name duplication
[2026-08-28 14:18:57,033][INFO]:  KiCad Symbol Converter: Symbol pin 'VDD_CPU_BIG1[14]' at line '23007' was renamed to 'VDD_CPU_BIG1[14]@10' because of name duplication
[2026-08-28 14:18:57,035][INFO]:  KiCad Symbol Converter: Symbol pin 'VSS[533]' at line '23026' was renamed to 'VSS[533]@487' because of name duplication
[2026-08-28 14:18:57,035][INFO]:  KiCad Symbol Converter: Symbol pin 'VSS[533]' at line '23045' was renamed to 'VSS[533]@488' because of name duplication
[2026-08-28 14:18:57,035][INFO]:  KiCad Symbol Converter: Symbol pin 'VSS[533]' at line '23064' was renamed to 'VSS[533]@489' because of name duplication
[2026-08-28 14:18:57,035][INFO]:  KiCad Symbol Converter: Symbol pin 'VSS[533]' at line '23083' was renamed to 'VSS[533]@490' because of name duplication
[2026-08-28 14:18:57,035][INFO]:  KiCad Symbol Converter: Symbol pin 'VSS[533]' at line '23102' was renamed to 'VSS[533]@491' because of name duplication
[2026-08-28 14:18:57,035][INFO]:  KiCad Symbol Converter: Symbol pin 'VSS[533]' at line '23121' was renamed to 'VSS[533]@492' because of name duplication
[2026-08-28 14:18:57,035][INFO]:  KiCad Symbol Converter: Symbol pin 'VSS[533]' at line '23140' was renamed to 'VSS[533]@493' because of name duplication
[2026-08-28 14:18:57,035][INFO]:  KiCad Symbol Converter: Symbol pin 'DDR_CH0_VDDQ[6]' at line '23159' was renamed to 'DDR_CH0_VDDQ[6]@4' because of name duplication
[2026-08-28 14:18:57,035][INFO]:  KiCad Symbol Converter: Symbol pin 'DDR_CH0_VDD_MIF[3]' at line '23178' was renamed to 'DDR_CH0_VDD_MIF[3]@1' because of name duplication
[2026-08-28 14:18:57,035][INFO]:  KiCad Symbol Converter: Symbol pin 'DDR_CH0_VDD_MIF[3]' at line '23196' was renamed to 'DDR_CH0_VDD_MIF[3]@2' because of name duplication
[2026-08-28 14:18:57,035][INFO]:  KiCad Symbol Converter: Symbol pin 'DDR_CH0_VDD_MIF[3]' at line '23215' was renamed to 'DDR_CH0_VDD_MIF[3]@3' because of name duplication
[2026-08-28 14:18:57,035][INFO]:  KiCad Symbol Converter: Symbol pin 'VSS[533]' at line '23234' was renamed to 'VSS[533]@494' because of name duplication
[2026-08-28 14:18:57,035][INFO]:  KiCad Symbol Converter: Symbol pin 'VSS[533]' at line '23253' was renamed to 'VSS[533]@495' because of name duplication
[2026-08-28 14:18:57,035][INFO]:  KiCad Symbol Converter: Symbol pin 'VSS[533]' at line '23272' was renamed to 'VSS[533]@496' because of name duplication
[2026-08-28 14:18:57,035][INFO]:  KiCad Symbol Converter: Symbol pin 'VSS[533]' at line '23291' was renamed to 'VSS[533]@497' because of name duplication
[2026-08-28 14:18:57,035][INFO]:  KiCad Symbol Converter: Symbol pin 'VSS[533]' at line '23310' was renamed to 'VSS[533]@498' because of name duplication
[2026-08-28 14:18:57,035][INFO]:  KiCad Symbol Converter: Symbol pin 'VSS[533]' at line '23329' was renamed to 'VSS[533]@499' because of name duplication
[2026-08-28 14:18:57,035][INFO]:  KiCad Symbol Converter: Symbol pin 'VDD_CPU_BIG1[14]' at line '23348' was renamed to 'VDD_CPU_BIG1[14]@11' because of name duplication
[2026-08-28 14:18:57,035][INFO]:  KiCad Symbol Converter: Symbol pin 'VDD_CPU_BIG1[14]' at line '23367' was renamed to 'VDD_CPU_BIG1[14]@12' because of name duplication
[2026-08-28 14:18:57,035][INFO]:  KiCad Symbol Converter: Symbol pin 'VDD_CPU_BIG1[14]' at line '23386' was renamed to 'VDD_CPU_BIG1[14]@13' because of name duplication
[2026-08-28 14:18:57,035][INFO]:  KiCad Symbol Converter: Symbol pin 'VDD_CPU_BIG1[14]' at line '23405' was renamed to 'VDD_CPU_BIG1[14]@14' because of name duplication
[2026-08-28 14:18:57,035][INFO]:  KiCad Symbol Converter: Symbol pin 'VSS[533]' at line '23424' was renamed to 'VSS[533]@500' because of name duplication
[2026-08-28 14:18:57,035][INFO]:  KiCad Symbol Converter: Symbol pin 'VSS[533]' at line '23443' was renamed to 'VSS[533]@501' because of name duplication
[2026-08-28 14:18:57,035][INFO]:  KiCad Symbol Converter: Symbol pin 'VSS[533]' at line '23462' was renamed to 'VSS[533]@502' because of name duplication
[2026-08-28 14:18:57,035][INFO]:  KiCad Symbol Converter: Symbol pin 'VSS[533]' at line '23481' was renamed to 'VSS[533]@503' because of name duplication
[2026-08-28 14:18:57,035][INFO]:  KiCad Symbol Converter: Symbol pin 'VSS[533]' at line '23500' was renamed to 'VSS[533]@504' because of name duplication
[2026-08-28 14:18:57,035][INFO]:  KiCad Symbol Converter: Symbol pin 'VSS[533]' at line '23519' was renamed to 'VSS[533]@505' because of name duplication
[2026-08-28 14:18:57,035][INFO]:  KiCad Symbol Converter: Symbol pin 'VSS[533]' at line '23538' was renamed to 'VSS[533]@506' because of name duplication
[2026-08-28 14:18:57,035][INFO]:  KiCad Symbol Converter: Symbol pin 'VSS[533]' at line '23557' was renamed to 'VSS[533]@507' because of name duplication
[2026-08-28 14:18:57,035][INFO]:  KiCad Symbol Converter: Symbol pin 'VSS[533]' at line '23594' was renamed to 'VSS[533]@508' because of name duplication
[2026-08-28 14:18:57,035][INFO]:  KiCad Symbol Converter: Symbol pin 'VSS[533]' at line '23613' was renamed to 'VSS[533]@509' because of name duplication
[2026-08-28 14:18:57,035][INFO]:  KiCad Symbol Converter: Symbol pin 'VSS[533]' at line '23632' was renamed to 'VSS[533]@510' because of name duplication
[2026-08-28 14:18:57,035][INFO]:  KiCad Symbol Converter: Symbol pin 'VSS[533]' at line '23651' was renamed to 'VSS[533]@511' because of name duplication
[2026-08-28 14:18:57,035][INFO]:  KiCad Symbol Converter: Symbol pin 'VSS[533]' at line '23670' was renamed to 'VSS[533]@512' because of name duplication
[2026-08-28 14:18:57,035][INFO]:  KiCad Symbol Converter: Symbol pin 'DDR_CH0_VDDQ[6]' at line '23689' was renamed to 'DDR_CH0_VDDQ[6]@5' because of name duplication
[2026-08-28 14:18:57,035][INFO]:  KiCad Symbol Converter: Symbol pin 'VDD_VDENC[9]' at line '23708' was renamed to 'VDD_VDENC[9]@7' because of name duplication
[2026-08-28 14:18:57,035][INFO]:  KiCad Symbol Converter: Symbol pin 'VDD_VDENC[9]' at line '23727' was renamed to 'VDD_VDENC[9]@8' because of name duplication
[2026-08-28 14:18:57,035][INFO]:  KiCad Symbol Converter: Symbol pin 'VSS[533]' at line '23746' was renamed to 'VSS[533]@513' because of name duplication
[2026-08-28 14:18:57,035][INFO]:  KiCad Symbol Converter: Symbol pin 'VSS[533]' at line '23765' was renamed to 'VSS[533]@514' because of name duplication
[2026-08-28 14:18:57,035][INFO]:  KiCad Symbol Converter: Symbol pin 'VSS[533]' at line '23784' was renamed to 'VSS[533]@515' because of name duplication
[2026-08-28 14:18:57,035][INFO]:  KiCad Symbol Converter: Symbol pin 'VSS[533]' at line '23803' was renamed to 'VSS[533]@516' because of name duplication
[2026-08-28 14:18:57,035][INFO]:  KiCad Symbol Converter: Symbol pin 'VSS[533]' at line '23822' was renamed to 'VSS[533]@517' because of name duplication
[2026-08-28 14:18:57,035][INFO]:  KiCad Symbol Converter: Symbol pin 'VSS[533]' at line '23841' was renamed to 'VSS[533]@518' because of name duplication
[2026-08-28 14:18:57,035][INFO]:  KiCad Symbol Converter: Symbol pin 'VDD_LOGIC[18]' at line '23860' was renamed to 'VDD_LOGIC[18]@17' because of name duplication
[2026-08-28 14:18:57,035][INFO]:  KiCad Symbol Converter: Symbol pin 'VSS[533]' at line '23879' was renamed to 'VSS[533]@519' because of name duplication
[2026-08-28 14:18:57,035][INFO]:  KiCad Symbol Converter: Symbol pin 'VSS[533]' at line '23898' was renamed to 'VSS[533]@520' because of name duplication
[2026-08-28 14:18:57,035][INFO]:  KiCad Symbol Converter: Symbol pin 'VSS[533]' at line '23917' was renamed to 'VSS[533]@521' because of name duplication
[2026-08-28 14:18:57,035][INFO]:  KiCad Symbol Converter: Symbol pin 'VSS[533]' at line '23936' was renamed to 'VSS[533]@522' because of name duplication
[2026-08-28 14:18:57,035][INFO]:  KiCad Symbol Converter: Symbol pin 'DDR_CH0_VDDQ[6]' at line '23955' was renamed to 'DDR_CH0_VDDQ[6]@6' because of name duplication
[2026-08-28 14:18:57,035][INFO]:  KiCad Symbol Converter: Symbol pin 'VSS[533]' at line '23974' was renamed to 'VSS[533]@523' because of name duplication
[2026-08-28 14:18:57,036][INFO]:  KiCad Symbol Converter: Symbol pin 'VDD_VDENC[9]' at line '24011' was renamed to 'VDD_VDENC[9]@9' because of name duplication
[2026-08-28 14:18:57,036][INFO]:  KiCad Symbol Converter: Symbol pin 'VSS[533]' at line '24030' was renamed to 'VSS[533]@524' because of name duplication
[2026-08-28 14:18:57,036][INFO]:  KiCad Symbol Converter: Symbol pin 'VSS[533]' at line '24049' was renamed to 'VSS[533]@525' because of name duplication
[2026-08-28 14:18:57,036][INFO]:  KiCad Symbol Converter: Symbol pin 'VSS[533]' at line '24068' was renamed to 'VSS[533]@526' because of name duplication
[2026-08-28 14:18:57,036][INFO]:  KiCad Symbol Converter: Symbol pin 'VSS[533]' at line '24087' was renamed to 'VSS[533]@527' because of name duplication
[2026-08-28 14:18:57,036][INFO]:  KiCad Symbol Converter: Symbol pin 'VSS[533]' at line '24106' was renamed to 'VSS[533]@528' because of name duplication
[2026-08-28 14:18:57,036][INFO]:  KiCad Symbol Converter: Symbol pin 'VSS[533]' at line '24143' was renamed to 'VSS[533]@529' because of name duplication
[2026-08-28 14:18:57,036][INFO]:  KiCad Symbol Converter: Symbol pin 'VSS[533]' at line '24162' was renamed to 'VSS[533]@530' because of name duplication
[2026-08-28 14:18:57,036][INFO]:  KiCad Symbol Converter: Symbol pin 'VSS[533]' at line '24181' was renamed to 'VSS[533]@531' because of name duplication
[2026-08-28 14:18:57,036][INFO]:  KiCad Symbol Converter: Symbol pin 'VSS[533]' at line '24200' was renamed to 'VSS[533]@532' because of name duplication
[2026-08-28 14:18:57,036][INFO]:  KiCad Symbol Converter: Symbol pin 'VSS[533]' at line '24219' was renamed to 'VSS[533]@533' because of name duplication
[2026-08-28 14:18:57,036][INFO]:  KiCad Symbol Converter: Symbol pin 'VDD_LOGIC[18]' at line '24238' was renamed to 'VDD_LOGIC[18]@18' because of name duplication
[2026-08-28 14:18:57,084][INFO]:  KiCad Symbol Converter: Generating DeviceSet: 'RK3588S' finished successfully
[2026-08-28 14:18:57,084][INFO]:  KiCad Symbol Converter: Converting KiCad symbol: 'RK3588S:RK3588S' finished successfully
[2026-08-28 14:18:57,084][INFO]:  KiCad Symbol Converter: Converting KiCad symbol: 'Sensor_Motion:ADXL343'
[2026-08-28 14:18:57,084][INFO]:  KiCad Symbol Converter: Generating DeviceSet: 'ADXL343'
[2026-08-28 14:18:57,084][INFO]:  KiCad Symbol Converter: Symbol pin 'GND' at line '25011' was renamed to 'GND@1' because of name duplication
[2026-08-28 14:18:57,085][INFO]:  KiCad Symbol Converter: Symbol pin 'RES' at line '25029' was renamed to 'RES@1' because of name duplication
[2026-08-28 14:18:57,085][INFO]:  KiCad Symbol Converter: Symbol pin 'GND' at line '25047' was renamed to 'GND@2' because of name duplication
[2026-08-28 14:18:57,085][INFO]:  KiCad Symbol Converter: Symbol pin 'GND' at line '25066' was renamed to 'GND@3' because of name duplication
[2026-08-28 14:18:57,085][INFO]:  KiCad Symbol Converter: Symbol pin 'RES' at line '25176' was renamed to 'RES@2' because of name duplication
[2026-08-28 14:18:57,085][INFO]:  KiCad Symbol Converter: Generating DeviceSet: 'ADXL343' finished successfully
[2026-08-28 14:18:57,085][INFO]:  KiCad Symbol Converter: Converting KiCad symbol: 'Sensor_Motion:ADXL343' finished successfully
[2026-08-28 14:18:57,085][INFO]:  KiCad Symbol Converter: Converting KiCad symbol: 'Transistor_BJT:BCV29'
[2026-08-28 14:18:57,085][INFO]:  KiCad Symbol Converter: Generating DeviceSet: 'BCV29'
[2026-08-28 14:18:57,086][INFO]:  KiCad Symbol Converter: Generating DeviceSet: 'BCV29' finished successfully
[2026-08-28 14:18:57,086][INFO]:  KiCad Symbol Converter: Converting KiCad symbol: 'Transistor_BJT:BCV29' finished successfully
[2026-08-28 14:18:57,086][INFO]:  KiCad Symbol Converter: Converting KiCad symbol: 'easyeda2kicad:K4UCE3Q4AB-MGCL'
[2026-08-28 14:18:57,086][INFO]:  KiCad Symbol Converter: Generating DeviceSet: 'K4UCE3Q4AB-MGCL'
[2026-08-28 14:18:57,086][INFO]:  KiCad Symbol Converter: Symbol pin 'DNU' at line '25607' was renamed to 'DNU@1' because of name duplication
[2026-08-28 14:18:57,086][INFO]:  KiCad Symbol Converter: Symbol pin 'DNU' at line '25625' was renamed to 'DNU@2' because of name duplication
[2026-08-28 14:18:57,086][INFO]:  KiCad Symbol Converter: Symbol pin 'VSS' at line '25643' was renamed to 'VSS@1' because of name duplication
[2026-08-28 14:18:57,086][INFO]:  KiCad Symbol Converter: Symbol pin 'VDD2' at line '25661' was renamed to 'VDD2@1' because of name duplication
[2026-08-28 14:18:57,086][INFO]:  KiCad Symbol Converter: Symbol pin 'VDD2' at line '25715' was renamed to 'VDD2@2' because of name duplication
[2026-08-28 14:18:57,086][INFO]:  KiCad Symbol Converter: Symbol pin 'VSS' at line '25733' was renamed to 'VSS@2' because of name duplication
[2026-08-28 14:18:57,086][INFO]:  KiCad Symbol Converter: Symbol pin 'DNU' at line '25751' was renamed to 'DNU@3' because of name duplication
[2026-08-28 14:18:57,086][INFO]:  KiCad Symbol Converter: Symbol pin 'DNU' at line '25769' was renamed to 'DNU@4' because of name duplication
[2026-08-28 14:18:57,086][INFO]:  KiCad Symbol Converter: Symbol pin 'DNU' at line '25787' was renamed to 'DNU@5' because of name duplication
[2026-08-28 14:18:57,086][INFO]:  KiCad Symbol Converter: Symbol pin 'VDDQ' at line '25823' was renamed to 'VDDQ@1' because of name duplication
[2026-08-28 14:18:57,086][INFO]:  KiCad Symbol Converter: Symbol pin 'VDDQ' at line '25859' was renamed to 'VDDQ@2' because of name duplication
[2026-08-28 14:18:57,086][INFO]:  KiCad Symbol Converter: Symbol pin 'VDDQ' at line '25877' was renamed to 'VDDQ@3' because of name duplication
[2026-08-28 14:18:57,086][INFO]:  KiCad Symbol Converter: Symbol pin 'VDDQ' at line '25913' was renamed to 'VDDQ@4' because of name duplication
[2026-08-28 14:18:57,086][INFO]:  KiCad Symbol Converter: Symbol pin 'DNU' at line '25949' was renamed to 'DNU@6' because of name duplication
[2026-08-28 14:18:57,086][INFO]:  KiCad Symbol Converter: Symbol pin 'DNU' at line '25967' was renamed to 'DNU@7' because of name duplication
[2026-08-28 14:18:57,086][INFO]:  KiCad Symbol Converter: Symbol pin 'DNU' at line '25985' was renamed to 'DNU@8' because of name duplication
[2026-08-28 14:18:57,086][INFO]:  KiCad Symbol Converter: Symbol pin 'VSS' at line '26003' was renamed to 'VSS@3' because of name duplication
[2026-08-28 14:18:57,086][INFO]:  KiCad Symbol Converter: Symbol pin 'VDD2' at line '26021' was renamed to 'VDD2@3' because of name duplication
[2026-08-28 14:18:57,086][INFO]:  KiCad Symbol Converter: Symbol pin 'VSS' at line '26039' was renamed to 'VSS@4' because of name duplication
[2026-08-28 14:18:57,086][INFO]:  KiCad Symbol Converter: Symbol pin 'VSS' at line '26057' was renamed to 'VSS@5' because of name duplication
[2026-08-28 14:18:57,086][INFO]:  KiCad Symbol Converter: Symbol pin 'VDD2' at line '26075' was renamed to 'VDD2@4' because of name duplication
[2026-08-28 14:18:57,086][INFO]:  KiCad Symbol Converter: Symbol pin 'VSS' at line '26093' was renamed to 'VSS@6' because of name duplication
[2026-08-28 14:18:57,086][INFO]:  KiCad Symbol Converter: Symbol pin 'DNU' at line '26111' was renamed to 'DNU@9' because of name duplication
[2026-08-28 14:18:57,086][INFO]:  KiCad Symbol Converter: Symbol pin 'DNU' at line '26129' was renamed to 'DNU@10' because of name duplication
[2026-08-28 14:18:57,086][INFO]:  KiCad Symbol Converter: Symbol pin 'DNU' at line '26147' was renamed to 'DNU@11' because of name duplication
[2026-08-28 14:18:57,086][INFO]:  KiCad Symbol Converter: Symbol pin 'VDDQ' at line '26183' was renamed to 'VDDQ@5' because of name duplication
[2026-08-28 14:18:57,086][INFO]:  KiCad Symbol Converter: Symbol pin 'VDDQ' at line '26219' was renamed to 'VDDQ@6' because of name duplication
[2026-08-28 14:18:57,086][INFO]:  KiCad Symbol Converter: Symbol pin 'VDDQ' at line '26237' was renamed to 'VDDQ@7' because of name duplication
[2026-08-28 14:18:57,086][INFO]:  KiCad Symbol Converter: Symbol pin 'VDDQ' at line '26273' was renamed to 'VDDQ@8' because of name duplication
[2026-08-28 14:18:57,086][INFO]:  KiCad Symbol Converter: Symbol pin 'DNU' at line '26309' was renamed to 'DNU@12' because of name duplication
[2026-08-28 14:18:57,086][INFO]:  KiCad Symbol Converter: Symbol pin 'VSS' at line '26327' was renamed to 'VSS@7' because of name duplication
[2026-08-28 14:18:57,086][INFO]:  KiCad Symbol Converter: Symbol pin 'VSS' at line '26399' was renamed to 'VSS@8' because of name duplication
[2026-08-28 14:18:57,087][INFO]:  KiCad Symbol Converter: Symbol pin 'VSS' at line '26417' was renamed to 'VSS@9' because of name duplication
[2026-08-28 14:18:57,087][INFO]:  KiCad Symbol Converter: Symbol pin 'VSS' at line '26489' was renamed to 'VSS@10' because of name duplication
[2026-08-28 14:18:57,087][INFO]:  KiCad Symbol Converter: Symbol pin 'VDDQ' at line '26507' was renamed to 'VDDQ@9' because of name duplication
[2026-08-28 14:18:57,087][INFO]:  KiCad Symbol Converter: Symbol pin 'VSS' at line '26525' was renamed to 'VSS@11' because of name duplication
[2026-08-28 14:18:57,087][INFO]:  KiCad Symbol Converter: Symbol pin 'VSS' at line '26561' was renamed to 'VSS@12' because of name duplication
[2026-08-28 14:18:57,087][INFO]:  KiCad Symbol Converter: Symbol pin 'VDDQ' at line '26579' was renamed to 'VDDQ@10' because of name duplication
[2026-08-28 14:18:57,087][INFO]:  KiCad Symbol Converter: Symbol pin 'VDDQ' at line '26597' was renamed to 'VDDQ@11' because of name duplication
[2026-08-28 14:18:57,087][INFO]:  KiCad Symbol Converter: Symbol pin 'VSS' at line '26615' was renamed to 'VSS@13' because of name duplication
[2026-08-28 14:18:57,087][INFO]:  KiCad Symbol Converter: Symbol pin 'VSS' at line '26651' was renamed to 'VSS@14' because of name duplication
[2026-08-28 14:18:57,087][INFO]:  KiCad Symbol Converter: Symbol pin 'VDDQ' at line '26669' was renamed to 'VDDQ@12' because of name duplication
[2026-08-28 14:18:57,087][INFO]:  KiCad Symbol Converter: Symbol pin 'VSS' at line '26687' was renamed to 'VSS@15' because of name duplication
[2026-08-28 14:18:57,087][INFO]:  KiCad Symbol Converter: Symbol pin 'VSS' at line '26759' was renamed to 'VSS@16' because of name duplication
[2026-08-28 14:18:57,087][INFO]:  KiCad Symbol Converter: Symbol pin 'VSS' at line '26777' was renamed to 'VSS@17' because of name duplication
[2026-08-28 14:18:57,087][INFO]:  KiCad Symbol Converter: Symbol pin 'VSS' at line '26849' was renamed to 'VSS@18' because of name duplication
[2026-08-28 14:18:57,087][INFO]:  KiCad Symbol Converter: Symbol pin 'VDD1' at line '26867' was renamed to 'VDD1@1' because of name duplication
[2026-08-28 14:18:57,087][INFO]:  KiCad Symbol Converter: Symbol pin 'VDDQ' at line '26903' was renamed to 'VDDQ@13' because of name duplication
[2026-08-28 14:18:57,087][INFO]:  KiCad Symbol Converter: Symbol pin 'VDD2' at line '26939' was renamed to 'VDD2@5' because of name duplication
[2026-08-28 14:18:57,087][INFO]:  KiCad Symbol Converter: Symbol pin 'VDD2' at line '26957' was renamed to 'VDD2@6' because of name duplication
[2026-08-28 14:18:57,087][INFO]:  KiCad Symbol Converter: Symbol pin 'VDDQ' at line '26993' was renamed to 'VDDQ@14' because of name duplication
[2026-08-28 14:18:57,087][INFO]:  KiCad Symbol Converter: Symbol pin 'VDD1' at line '27029' was renamed to 'VDD1@2' because of name duplication
[2026-08-28 14:18:57,087][INFO]:  KiCad Symbol Converter: Symbol pin 'VSS' at line '27047' was renamed to 'VSS@19' because of name duplication
[2026-08-28 14:18:57,087][INFO]:  KiCad Symbol Converter: Symbol pin 'VSS' at line '27083' was renamed to 'VSS@20' because of name duplication
[2026-08-28 14:18:57,087][INFO]:  KiCad Symbol Converter: Symbol pin 'VDD1' at line '27101' was renamed to 'VDD1@3' because of name duplication
[2026-08-28 14:18:57,087][INFO]:  KiCad Symbol Converter: Symbol pin 'VSS' at line '27119' was renamed to 'VSS@21' because of name duplication
[2026-08-28 14:18:57,087][INFO]:  KiCad Symbol Converter: Symbol pin 'VSS' at line '27137' was renamed to 'VSS@22' because of name duplication
[2026-08-28 14:18:57,087][INFO]:  KiCad Symbol Converter: Symbol pin 'VDD1' at line '27155' was renamed to 'VDD1@4' because of name duplication
[2026-08-28 14:18:57,087][INFO]:  KiCad Symbol Converter: Symbol pin 'VSS' at line '27173' was renamed to 'VSS@23' because of name duplication
[2026-08-28 14:18:57,087][INFO]:  KiCad Symbol Converter: Symbol pin 'DNU' at line '27191' was renamed to 'DNU@13' because of name duplication
[2026-08-28 14:18:57,087][INFO]:  KiCad Symbol Converter: Symbol pin 'VSS' at line '27209' was renamed to 'VSS@24' because of name duplication
[2026-08-28 14:18:57,087][INFO]:  KiCad Symbol Converter: Symbol pin 'VDD2' at line '27227' was renamed to 'VDD2@7' because of name duplication
[2026-08-28 14:18:57,087][INFO]:  KiCad Symbol Converter: Symbol pin 'VDD2' at line '27299' was renamed to 'VDD2@8' because of name duplication
[2026-08-28 14:18:57,087][INFO]:  KiCad Symbol Converter: Symbol pin 'VDD2' at line '27317' was renamed to 'VDD2@9' because of name duplication
[2026-08-28 14:18:57,087][INFO]:  KiCad Symbol Converter: Symbol pin 'VDD2' at line '27389' was renamed to 'VDD2@10' because of name duplication
[2026-08-28 14:18:57,087][INFO]:  KiCad Symbol Converter: Symbol pin 'VSS' at line '27407' was renamed to 'VSS@25' because of name duplication
[2026-08-28 14:18:57,087][INFO]:  KiCad Symbol Converter: Symbol pin 'VSS' at line '27443' was renamed to 'VSS@26' because of name duplication
[2026-08-28 14:18:57,087][INFO]:  KiCad Symbol Converter: Symbol pin 'VSS' at line '27533' was renamed to 'VSS@27' because of name duplication
[2026-08-28 14:18:57,087][INFO]:  KiCad Symbol Converter: Symbol pin 'VSS' at line '27569' was renamed to 'VSS@28' because of name duplication
[2026-08-28 14:18:57,087][INFO]:  KiCad Symbol Converter: Symbol pin 'VDD2' at line '27587' was renamed to 'VDD2@11' because of name duplication
[2026-08-28 14:18:57,087][INFO]:  KiCad Symbol Converter: Symbol pin 'VSS' at line '27605' was renamed to 'VSS@29' because of name duplication
[2026-08-28 14:18:57,087][INFO]:  KiCad Symbol Converter: Symbol pin 'VDD2' at line '27623' was renamed to 'VDD2@12' because of name duplication
[2026-08-28 14:18:57,087][INFO]:  KiCad Symbol Converter: Symbol pin 'VSS' at line '27641' was renamed to 'VSS@30' because of name duplication
[2026-08-28 14:18:57,088][INFO]:  KiCad Symbol Converter: Symbol pin 'DNU' at line '27659' was renamed to 'DNU@14' because of name duplication
[2026-08-28 14:18:57,088][INFO]:  KiCad Symbol Converter: Symbol pin 'DNU' at line '27677' was renamed to 'DNU@15' because of name duplication
[2026-08-28 14:18:57,088][INFO]:  KiCad Symbol Converter: Symbol pin 'VSS' at line '27695' was renamed to 'VSS@31' because of name duplication
[2026-08-28 14:18:57,088][INFO]:  KiCad Symbol Converter: Symbol pin 'VDD2' at line '27713' was renamed to 'VDD2@13' because of name duplication
[2026-08-28 14:18:57,088][INFO]:  KiCad Symbol Converter: Symbol pin 'VSS' at line '27731' was renamed to 'VSS@32' because of name duplication
[2026-08-28 14:18:57,088][INFO]:  KiCad Symbol Converter: Symbol pin 'VDD2' at line '27749' was renamed to 'VDD2@14' because of name duplication
[2026-08-28 14:18:57,088][INFO]:  KiCad Symbol Converter: Symbol pin 'VDD2' at line '27767' was renamed to 'VDD2@15' because of name duplication
[2026-08-28 14:18:57,088][INFO]:  KiCad Symbol Converter: Symbol pin 'VSS' at line '27785' was renamed to 'VSS@33' because of name duplication
[2026-08-28 14:18:57,088][INFO]:  KiCad Symbol Converter: Symbol pin 'VDD2' at line '27803' was renamed to 'VDD2@16' because of name duplication
[2026-08-28 14:18:57,088][INFO]:  KiCad Symbol Converter: Symbol pin 'VSS' at line '27821' was renamed to 'VSS@34' because of name duplication
[2026-08-28 14:18:57,088][INFO]:  KiCad Symbol Converter: Symbol pin 'DNU' at line '27839' was renamed to 'DNU@16' because of name duplication
[2026-08-28 14:18:57,088][INFO]:  KiCad Symbol Converter: Symbol pin 'DNU' at line '27857' was renamed to 'DNU@17' because of name duplication
[2026-08-28 14:18:57,088][INFO]:  KiCad Symbol Converter: Symbol pin 'VSS' at line '27875' was renamed to 'VSS@35' because of name duplication
[2026-08-28 14:18:57,088][INFO]:  KiCad Symbol Converter: Symbol pin 'VDD2' at line '27893' was renamed to 'VDD2@17' because of name duplication
[2026-08-28 14:18:57,088][INFO]:  KiCad Symbol Converter: Symbol pin 'VSS' at line '27911' was renamed to 'VSS@36' because of name duplication
[2026-08-28 14:18:57,088][INFO]:  KiCad Symbol Converter: Symbol pin 'VDD2' at line '27929' was renamed to 'VDD2@18' because of name duplication
[2026-08-28 14:18:57,088][INFO]:  KiCad Symbol Converter: Symbol pin 'VSS' at line '27947' was renamed to 'VSS@37' because of name duplication
[2026-08-28 14:18:57,088][INFO]:  KiCad Symbol Converter: Symbol pin 'VSS' at line '27983' was renamed to 'VSS@38' because of name duplication
[2026-08-28 14:18:57,088][INFO]:  KiCad Symbol Converter: Symbol pin 'VSS' at line '28073' was renamed to 'VSS@39' because of name duplication
[2026-08-28 14:18:57,088][INFO]:  KiCad Symbol Converter: Symbol pin 'VSS' at line '28109' was renamed to 'VSS@40' because of name duplication
[2026-08-28 14:18:57,088][INFO]:  KiCad Symbol Converter: Symbol pin 'VDD2' at line '28127' was renamed to 'VDD2@19' because of name duplication
[2026-08-28 14:18:57,088][INFO]:  KiCad Symbol Converter: Symbol pin 'VDD2' at line '28199' was renamed to 'VDD2@20' because of name duplication
[2026-08-28 14:18:57,088][INFO]:  KiCad Symbol Converter: Symbol pin 'VDD2' at line '28217' was renamed to 'VDD2@21' because of name duplication
[2026-08-28 14:18:57,088][INFO]:  KiCad Symbol Converter: Symbol pin 'VDD2' at line '28289' was renamed to 'VDD2@22' because of name duplication
[2026-08-28 14:18:57,088][INFO]:  KiCad Symbol Converter: Symbol pin 'VSS' at line '28307' was renamed to 'VSS@41' because of name duplication
[2026-08-28 14:18:57,088][INFO]:  KiCad Symbol Converter: Symbol pin 'VSS' at line '28343' was renamed to 'VSS@42' because of name duplication
[2026-08-28 14:18:57,088][INFO]:  KiCad Symbol Converter: Symbol pin 'VDD1' at line '28361' was renamed to 'VDD1@5' because of name duplication
[2026-08-28 14:18:57,088][INFO]:  KiCad Symbol Converter: Symbol pin 'VSS' at line '28379' was renamed to 'VSS@43' because of name duplication
[2026-08-28 14:18:57,088][INFO]:  KiCad Symbol Converter: Symbol pin 'VSS' at line '28397' was renamed to 'VSS@44' because of name duplication
[2026-08-28 14:18:57,088][INFO]:  KiCad Symbol Converter: Symbol pin 'VDD1' at line '28415' was renamed to 'VDD1@6' because of name duplication
[2026-08-28 14:18:57,088][INFO]:  KiCad Symbol Converter: Symbol pin 'VSS' at line '28433' was renamed to 'VSS@45' because of name duplication
[2026-08-28 14:18:57,088][INFO]:  KiCad Symbol Converter: Symbol pin 'VSS' at line '28469' was renamed to 'VSS@46' because of name duplication
[2026-08-28 14:18:57,088][INFO]:  KiCad Symbol Converter: Symbol pin 'VDD1' at line '28487' was renamed to 'VDD1@7' because of name duplication
[2026-08-28 14:18:57,088][INFO]:  KiCad Symbol Converter: Symbol pin 'VDDQ' at line '28523' was renamed to 'VDDQ@15' because of name duplication
[2026-08-28 14:18:57,088][INFO]:  KiCad Symbol Converter: Symbol pin 'VDD2' at line '28559' was renamed to 'VDD2@23' because of name duplication
[2026-08-28 14:18:57,088][INFO]:  KiCad Symbol Converter: Symbol pin 'VDD2' at line '28577' was renamed to 'VDD2@24' because of name duplication
[2026-08-28 14:18:57,088][INFO]:  KiCad Symbol Converter: Symbol pin 'VDDQ' at line '28613' was renamed to 'VDDQ@16' because of name duplication
[2026-08-28 14:18:57,088][INFO]:  KiCad Symbol Converter: Symbol pin 'VDD1' at line '28649' was renamed to 'VDD1@8' because of name duplication
[2026-08-28 14:18:57,088][INFO]:  KiCad Symbol Converter: Symbol pin 'VSS' at line '28667' was renamed to 'VSS@47' because of name duplication
[2026-08-28 14:18:57,088][INFO]:  KiCad Symbol Converter: Symbol pin 'VSS' at line '28739' was renamed to 'VSS@48' because of name duplication
[2026-08-28 14:18:57,088][INFO]:  KiCad Symbol Converter: Symbol pin 'VSS' at line '28757' was renamed to 'VSS@49' because of name duplication
[2026-08-28 14:18:57,089][INFO]:  KiCad Symbol Converter: Symbol pin 'VSS' at line '28829' was renamed to 'VSS@50' because of name duplication
[2026-08-28 14:18:57,089][INFO]:  KiCad Symbol Converter: Symbol pin 'VDDQ' at line '28847' was renamed to 'VDDQ@17' because of name duplication
[2026-08-28 14:18:57,089][INFO]:  KiCad Symbol Converter: Symbol pin 'VSS' at line '28865' was renamed to 'VSS@51' because of name duplication
[2026-08-28 14:18:57,089][INFO]:  KiCad Symbol Converter: Symbol pin 'VSS' at line '28901' was renamed to 'VSS@52' because of name duplication
[2026-08-28 14:18:57,089][INFO]:  KiCad Symbol Converter: Symbol pin 'VDDQ' at line '28919' was renamed to 'VDDQ@18' because of name duplication
[2026-08-28 14:18:57,089][INFO]:  KiCad Symbol Converter: Symbol pin 'VDDQ' at line '28937' was renamed to 'VDDQ@19' because of name duplication
[2026-08-28 14:18:57,089][INFO]:  KiCad Symbol Converter: Symbol pin 'VSS' at line '28955' was renamed to 'VSS@53' because of name duplication
[2026-08-28 14:18:57,089][INFO]:  KiCad Symbol Converter: Symbol pin 'VSS' at line '28991' was renamed to 'VSS@54' because of name duplication
[2026-08-28 14:18:57,089][INFO]:  KiCad Symbol Converter: Symbol pin 'VDDQ' at line '29009' was renamed to 'VDDQ@20' because of name duplication
[2026-08-28 14:18:57,089][INFO]:  KiCad Symbol Converter: Symbol pin 'VSS' at line '29027' was renamed to 'VSS@55' because of name duplication
[2026-08-28 14:18:57,089][INFO]:  KiCad Symbol Converter: Symbol pin 'VSS' at line '29099' was renamed to 'VSS@56' because of name duplication
[2026-08-28 14:18:57,089][INFO]:  KiCad Symbol Converter: Symbol pin 'VSS' at line '29117' was renamed to 'VSS@57' because of name duplication
[2026-08-28 14:18:57,089][INFO]:  KiCad Symbol Converter: Symbol pin 'VSS' at line '29189' was renamed to 'VSS@58' because of name duplication
[2026-08-28 14:18:57,093][INFO]:  KiCad Symbol Converter: Generating DeviceSet: 'K4UCE3Q4AB-MGCL' finished successfully
[2026-08-28 14:18:57,093][INFO]:  KiCad Symbol Converter: Converting KiCad symbol: 'easyeda2kicad:K4UCE3Q4AB-MGCL' finished successfully
[2026-08-28 14:18:57,093][INFO]:  KiCad Symbol Converter: Converting KiCad symbol: 'friggineda:FEMDRW032G-88A19'
[2026-08-28 14:18:57,093][INFO]:  KiCad Symbol Converter: Generating DeviceSet: 'FEMDRW032G-88A19'
[2026-08-28 14:18:57,093][INFO]:  KiCad Symbol Converter: Symbol pin 'NC' at line '29336' was renamed to 'NC@1' because of name duplication
[2026-08-28 14:18:57,093][INFO]:  KiCad Symbol Converter: Symbol pin 'NC' at line '29354' was renamed to 'NC@2' because of name duplication
[2026-08-28 14:18:57,095][INFO]:  KiCad Symbol Converter: Symbol pin 'VSS' at line '29426' was renamed to 'VSS@1' because of name duplication
[2026-08-28 14:18:57,095][INFO]:  KiCad Symbol Converter: Symbol pin 'RFU' at line '29444' was renamed to 'RFU@1' because of name duplication
[2026-08-28 14:18:57,095][INFO]:  KiCad Symbol Converter: Symbol pin 'NC' at line '29462' was renamed to 'NC@3' because of name duplication
[2026-08-28 14:18:57,095][INFO]:  KiCad Symbol Converter: Symbol pin 'NC' at line '29480' was renamed to 'NC@4' because of name duplication
[2026-08-28 14:18:57,095][INFO]:  KiCad Symbol Converter: Symbol pin 'NC' at line '29498' was renamed to 'NC@5' because of name duplication
[2026-08-28 14:18:57,095][INFO]:  KiCad Symbol Converter: Symbol pin 'NC' at line '29516' was renamed to 'NC@6' because of name duplication
[2026-08-28 14:18:57,095][INFO]:  KiCad Symbol Converter: Symbol pin 'NC' at line '29534' was renamed to 'NC@7' because of name duplication
[2026-08-28 14:18:57,095][INFO]:  KiCad Symbol Converter: Symbol pin 'NC' at line '29552' was renamed to 'NC@8' because of name duplication
[2026-08-28 14:18:57,095][INFO]:  KiCad Symbol Converter: Symbol pin 'NC' at line '29570' was renamed to 'NC@9' because of name duplication
[2026-08-28 14:18:57,095][INFO]:  KiCad Symbol Converter: Symbol pin 'NC' at line '29588' was renamed to 'NC@10' because of name duplication
[2026-08-28 14:18:57,095][INFO]:  KiCad Symbol Converter: Symbol pin 'NC' at line '29696' was renamed to 'NC@11' because of name duplication
[2026-08-28 14:18:57,095][INFO]:  KiCad Symbol Converter: Symbol pin 'NC' at line '29714' was renamed to 'NC@12' because of name duplication
[2026-08-28 14:18:57,095][INFO]:  KiCad Symbol Converter: Symbol pin 'NC' at line '29732' was renamed to 'NC@13' because of name duplication
[2026-08-28 14:18:57,095][INFO]:  KiCad Symbol Converter: Symbol pin 'NC' at line '29750' was renamed to 'NC@14' because of name duplication
[2026-08-28 14:18:57,095][INFO]:  KiCad Symbol Converter: Symbol pin 'NC' at line '29768' was renamed to 'NC@15' because of name duplication
[2026-08-28 14:18:57,095][INFO]:  KiCad Symbol Converter: Symbol pin 'NC' at line '29786' was renamed to 'NC@16' because of name duplication
[2026-08-28 14:18:57,095][INFO]:  KiCad Symbol Converter: Symbol pin 'NC' at line '29804' was renamed to 'NC@17' because of name duplication
[2026-08-28 14:18:57,095][INFO]:  KiCad Symbol Converter: Symbol pin 'NC' at line '29822' was renamed to 'NC@18' because of name duplication
[2026-08-28 14:18:57,095][INFO]:  KiCad Symbol Converter: Symbol pin 'NC' at line '29840' was renamed to 'NC@19' because of name duplication
[2026-08-28 14:18:57,095][INFO]:  KiCad Symbol Converter: Symbol pin 'NC' at line '29876' was renamed to 'NC@20' because of name duplication
[2026-08-28 14:18:57,095][INFO]:  KiCad Symbol Converter: Symbol pin 'VSSQ' at line '29894' was renamed to 'VSSQ@1' because of name duplication
[2026-08-28 14:18:57,095][INFO]:  KiCad Symbol Converter: Symbol pin 'NC' at line '29912' was renamed to 'NC@21' because of name duplication
[2026-08-28 14:18:57,095][INFO]:  KiCad Symbol Converter: Symbol pin 'VCCQ' at line '29930' was renamed to 'VCCQ@1' because of name duplication
[2026-08-28 14:18:57,095][INFO]:  KiCad Symbol Converter: Symbol pin 'NC' at line '29948' was renamed to 'NC@22' because of name duplication
[2026-08-28 14:18:57,095][INFO]:  KiCad Symbol Converter: Symbol pin 'NC' at line '29966' was renamed to 'NC@23' because of name duplication
[2026-08-28 14:18:57,095][INFO]:  KiCad Symbol Converter: Symbol pin 'NC' at line '29984' was renamed to 'NC@24' because of name duplication
[2026-08-28 14:18:57,095][INFO]:  KiCad Symbol Converter: Symbol pin 'NC' at line '30002' was renamed to 'NC@25' because of name duplication
[2026-08-28 14:18:57,095][INFO]:  KiCad Symbol Converter: Symbol pin 'NC' at line '30020' was renamed to 'NC@26' because of name duplication
[2026-08-28 14:18:57,095][INFO]:  KiCad Symbol Converter: Symbol pin 'NC' at line '30038' was renamed to 'NC@27' because of name duplication
[2026-08-28 14:18:57,095][INFO]:  KiCad Symbol Converter: Symbol pin 'NC' at line '30056' was renamed to 'NC@28' because of name duplication
[2026-08-28 14:18:57,095][INFO]:  KiCad Symbol Converter: Symbol pin 'NC' at line '30074' was renamed to 'NC@29' because of name duplication
[2026-08-28 14:18:57,095][INFO]:  KiCad Symbol Converter: Symbol pin 'NC' at line '30092' was renamed to 'NC@30' because of name duplication
[2026-08-28 14:18:57,095][INFO]:  KiCad Symbol Converter: Symbol pin 'NC' at line '30110' was renamed to 'NC@31' because of name duplication
[2026-08-28 14:18:57,095][INFO]:  KiCad Symbol Converter: Symbol pin 'NC' at line '30128' was renamed to 'NC@32' because of name duplication
[2026-08-28 14:18:57,095][INFO]:  KiCad Symbol Converter: Symbol pin 'NC' at line '30146' was renamed to 'NC@33' because of name duplication
[2026-08-28 14:18:57,095][INFO]:  KiCad Symbol Converter: Symbol pin 'NC' at line '30164' was renamed to 'NC@34' because of name duplication
[2026-08-28 14:18:57,095][INFO]:  KiCad Symbol Converter: Symbol pin 'NC' at line '30182' was renamed to 'NC@35' because of name duplication
[2026-08-28 14:18:57,095][INFO]:  KiCad Symbol Converter: Symbol pin 'NC' at line '30200' was renamed to 'NC@36' because of name duplication
[2026-08-28 14:18:57,096][INFO]:  KiCad Symbol Converter: Symbol pin 'NC' at line '30218' was renamed to 'NC@37' because of name duplication
[2026-08-28 14:18:57,096][INFO]:  KiCad Symbol Converter: Symbol pin 'NC' at line '30236' was renamed to 'NC@38' because of name duplication
[2026-08-28 14:18:57,096][INFO]:  KiCad Symbol Converter: Symbol pin 'NC' at line '30254' was renamed to 'NC@39' because of name duplication
[2026-08-28 14:18:57,096][INFO]:  KiCad Symbol Converter: Symbol pin 'RFU' at line '30272' was renamed to 'RFU@2' because of name duplication
[2026-08-28 14:18:57,096][INFO]:  KiCad Symbol Converter: Symbol pin 'VCC' at line '30290' was renamed to 'VCC@1' because of name duplication
[2026-08-28 14:18:57,096][INFO]:  KiCad Symbol Converter: Symbol pin 'VSS' at line '30308' was renamed to 'VSS@2' because of name duplication
[2026-08-28 14:18:57,096][INFO]:  KiCad Symbol Converter: Symbol pin 'VSF' at line '30326' was renamed to 'VSF@1' because of name duplication
[2026-08-28 14:18:57,096][INFO]:  KiCad Symbol Converter: Symbol pin 'VSF' at line '30344' was renamed to 'VSF@2' because of name duplication
[2026-08-28 14:18:57,096][INFO]:  KiCad Symbol Converter: Symbol pin 'VSF' at line '30362' was renamed to 'VSF@3' because of name duplication
[2026-08-28 14:18:57,096][INFO]:  KiCad Symbol Converter: Symbol pin 'NC' at line '30380' was renamed to 'NC@40' because of name duplication
[2026-08-28 14:18:57,096][INFO]:  KiCad Symbol Converter: Symbol pin 'NC' at line '30398' was renamed to 'NC@41' because of name duplication
[2026-08-28 14:18:57,096][INFO]:  KiCad Symbol Converter: Symbol pin 'NC' at line '30416' was renamed to 'NC@42' because of name duplication
[2026-08-28 14:18:57,096][INFO]:  KiCad Symbol Converter: Symbol pin 'NC' at line '30434' was renamed to 'NC@43' because of name duplication
[2026-08-28 14:18:57,096][INFO]:  KiCad Symbol Converter: Symbol pin 'NC' at line '30452' was renamed to 'NC@44' because of name duplication
[2026-08-28 14:18:57,096][INFO]:  KiCad Symbol Converter: Symbol pin 'NC' at line '30470' was renamed to 'NC@45' because of name duplication
[2026-08-28 14:18:57,096][INFO]:  KiCad Symbol Converter: Symbol pin 'VCC' at line '30488' was renamed to 'VCC@2' because of name duplication
[2026-08-28 14:18:57,096][INFO]:  KiCad Symbol Converter: Symbol pin 'VSF' at line '30506' was renamed to 'VSF@4' because of name duplication
[2026-08-28 14:18:57,096][INFO]:  KiCad Symbol Converter: Symbol pin 'NC' at line '30524' was renamed to 'NC@46' because of name duplication
[2026-08-28 14:18:57,096][INFO]:  KiCad Symbol Converter: Symbol pin 'NC' at line '30542' was renamed to 'NC@47' because of name duplication
[2026-08-28 14:18:57,096][INFO]:  KiCad Symbol Converter: Symbol pin 'NC' at line '30560' was renamed to 'NC@48' because of name duplication
[2026-08-28 14:18:57,096][INFO]:  KiCad Symbol Converter: Symbol pin 'NC' at line '30578' was renamed to 'NC@49' because of name duplication
[2026-08-28 14:18:57,096][INFO]:  KiCad Symbol Converter: Symbol pin 'NC' at line '30596' was renamed to 'NC@50' because of name duplication
[2026-08-28 14:18:57,096][INFO]:  KiCad Symbol Converter: Symbol pin 'RFU' at line '30614' was renamed to 'RFU@3' because of name duplication
[2026-08-28 14:18:57,096][INFO]:  KiCad Symbol Converter: Symbol pin 'VSS' at line '30632' was renamed to 'VSS@3' because of name duplication
[2026-08-28 14:18:57,096][INFO]:  KiCad Symbol Converter: Symbol pin 'VSF' at line '30650' was renamed to 'VSF@5' because of name duplication
[2026-08-28 14:18:57,096][INFO]:  KiCad Symbol Converter: Symbol pin 'NC' at line '30668' was renamed to 'NC@51' because of name duplication
[2026-08-28 14:18:57,096][INFO]:  KiCad Symbol Converter: Symbol pin 'NC' at line '30686' was renamed to 'NC@52' because of name duplication
[2026-08-28 14:18:57,096][INFO]:  KiCad Symbol Converter: Symbol pin 'NC' at line '30704' was renamed to 'NC@53' because of name duplication
[2026-08-28 14:18:57,096][INFO]:  KiCad Symbol Converter: Symbol pin 'NC' at line '30722' was renamed to 'NC@54' because of name duplication
[2026-08-28 14:18:57,096][INFO]:  KiCad Symbol Converter: Symbol pin 'NC' at line '30740' was renamed to 'NC@55' because of name duplication
[2026-08-28 14:18:57,096][INFO]:  KiCad Symbol Converter: Symbol pin 'NC' at line '30758' was renamed to 'NC@56' because of name duplication
[2026-08-28 14:18:57,096][INFO]:  KiCad Symbol Converter: Symbol pin 'VSS' at line '30794' was renamed to 'VSS@4' because of name duplication
[2026-08-28 14:18:57,096][INFO]:  KiCad Symbol Converter: Symbol pin 'NC' at line '30812' was renamed to 'NC@57' because of name duplication
[2026-08-28 14:18:57,096][INFO]:  KiCad Symbol Converter: Symbol pin 'NC' at line '30830' was renamed to 'NC@58' because of name duplication
[2026-08-28 14:18:57,096][INFO]:  KiCad Symbol Converter: Symbol pin 'NC' at line '30848' was renamed to 'NC@59' because of name duplication
[2026-08-28 14:18:57,096][INFO]:  KiCad Symbol Converter: Symbol pin 'NC' at line '30866' was renamed to 'NC@60' because of name duplication
[2026-08-28 14:18:57,096][INFO]:  KiCad Symbol Converter: Symbol pin 'NC' at line '30884' was renamed to 'NC@61' because of name duplication
[2026-08-28 14:18:57,096][INFO]:  KiCad Symbol Converter: Symbol pin 'NC' at line '30902' was renamed to 'NC@62' because of name duplication
[2026-08-28 14:18:57,096][INFO]:  KiCad Symbol Converter: Symbol pin 'VSS' at line '30920' was renamed to 'VSS@5' because of name duplication
[2026-08-28 14:18:57,096][INFO]:  KiCad Symbol Converter: Symbol pin 'VCC' at line '30938' was renamed to 'VCC@3' because of name duplication
[2026-08-28 14:18:57,096][INFO]:  KiCad Symbol Converter: Symbol pin 'NC' at line '30956' was renamed to 'NC@63' because of name duplication
[2026-08-28 14:18:57,096][INFO]:  KiCad Symbol Converter: Symbol pin 'NC' at line '30974' was renamed to 'NC@64' because of name duplication
[2026-08-28 14:18:57,096][INFO]:  KiCad Symbol Converter: Symbol pin 'NC' at line '30992' was renamed to 'NC@65' because of name duplication
[2026-08-28 14:18:57,096][INFO]:  KiCad Symbol Converter: Symbol pin 'NC' at line '31010' was renamed to 'NC@66' because of name duplication
[2026-08-28 14:18:57,096][INFO]:  KiCad Symbol Converter: Symbol pin 'NC' at line '31028' was renamed to 'NC@67' because of name duplication
[2026-08-28 14:18:57,096][INFO]:  KiCad Symbol Converter: Symbol pin 'NC' at line '31046' was renamed to 'NC@68' because of name duplication
[2026-08-28 14:18:57,096][INFO]:  KiCad Symbol Converter: Symbol pin 'RFU' at line '31082' was renamed to 'RFU@4' because of name duplication
[2026-08-28 14:18:57,096][INFO]:  KiCad Symbol Converter: Symbol pin 'RFU' at line '31100' was renamed to 'RFU@5' because of name duplication
[2026-08-28 14:18:57,097][INFO]:  KiCad Symbol Converter: Symbol pin 'VSS' at line '31118' was renamed to 'VSS@6' because of name duplication
[2026-08-28 14:18:57,097][INFO]:  KiCad Symbol Converter: Symbol pin 'VCC' at line '31136' was renamed to 'VCC@4' because of name duplication
[2026-08-28 14:18:57,097][INFO]:  KiCad Symbol Converter: Symbol pin 'VSF' at line '31154' was renamed to 'VSF@6' because of name duplication
[2026-08-28 14:18:57,097][INFO]:  KiCad Symbol Converter: Symbol pin 'NC' at line '31172' was renamed to 'NC@69' because of name duplication
[2026-08-28 14:18:57,097][INFO]:  KiCad Symbol Converter: Symbol pin 'NC' at line '31190' was renamed to 'NC@70' because of name duplication
[2026-08-28 14:18:57,097][INFO]:  KiCad Symbol Converter: Symbol pin 'NC' at line '31208' was renamed to 'NC@71' because of name duplication
[2026-08-28 14:18:57,097][INFO]:  KiCad Symbol Converter: Symbol pin 'NC' at line '31226' was renamed to 'NC@72' because of name duplication
[2026-08-28 14:18:57,097][INFO]:  KiCad Symbol Converter: Symbol pin 'NC' at line '31244' was renamed to 'NC@73' because of name duplication
[2026-08-28 14:18:57,097][INFO]:  KiCad Symbol Converter: Symbol pin 'NC' at line '31262' was renamed to 'NC@74' because of name duplication
[2026-08-28 14:18:57,097][INFO]:  KiCad Symbol Converter: Symbol pin 'NC' at line '31280' was renamed to 'NC@75' because of name duplication
[2026-08-28 14:18:57,097][INFO]:  KiCad Symbol Converter: Symbol pin 'NC' at line '31298' was renamed to 'NC@76' because of name duplication
[2026-08-28 14:18:57,097][INFO]:  KiCad Symbol Converter: Symbol pin 'NC' at line '31316' was renamed to 'NC@77' because of name duplication
[2026-08-28 14:18:57,097][INFO]:  KiCad Symbol Converter: Symbol pin 'NC' at line '31334' was renamed to 'NC@78' because of name duplication
[2026-08-28 14:18:57,097][INFO]:  KiCad Symbol Converter: Symbol pin 'NC' at line '31352' was renamed to 'NC@79' because of name duplication
[2026-08-28 14:18:57,097][INFO]:  KiCad Symbol Converter: Symbol pin 'NC' at line '31370' was renamed to 'NC@80' because of name duplication
[2026-08-28 14:18:57,097][INFO]:  KiCad Symbol Converter: Symbol pin 'VCCQ' at line '31388' was renamed to 'VCCQ@2' because of name duplication
[2026-08-28 14:18:57,097][INFO]:  KiCad Symbol Converter: Symbol pin 'NC' at line '31442' was renamed to 'NC@81' because of name duplication
[2026-08-28 14:18:57,097][INFO]:  KiCad Symbol Converter: Symbol pin 'NC' at line '31460' was renamed to 'NC@82' because of name duplication
[2026-08-28 14:18:57,097][INFO]:  KiCad Symbol Converter: Symbol pin 'NC' at line '31478' was renamed to 'NC@83' because of name duplication
[2026-08-28 14:18:57,097][INFO]:  KiCad Symbol Converter: Symbol pin 'NC' at line '31496' was renamed to 'NC@84' because of name duplication
[2026-08-28 14:18:57,097][INFO]:  KiCad Symbol Converter: Symbol pin 'NC' at line '31514' was renamed to 'NC@85' because of name duplication
[2026-08-28 14:18:57,097][INFO]:  KiCad Symbol Converter: Symbol pin 'NC' at line '31532' was renamed to 'NC@86' because of name duplication
[2026-08-28 14:18:57,097][INFO]:  KiCad Symbol Converter: Symbol pin 'NC' at line '31550' was renamed to 'NC@87' because of name duplication
[2026-08-28 14:18:57,097][INFO]:  KiCad Symbol Converter: Symbol pin 'NC' at line '31568' was renamed to 'NC@88' because of name duplication
[2026-08-28 14:18:57,097][INFO]:  KiCad Symbol Converter: Symbol pin 'NC' at line '31586' was renamed to 'NC@89' because of name duplication
[2026-08-28 14:18:57,097][INFO]:  KiCad Symbol Converter: Symbol pin 'VSSQ' at line '31604' was renamed to 'VSSQ@2' because of name duplication
[2026-08-28 14:18:57,097][INFO]:  KiCad Symbol Converter: Symbol pin 'NC' at line '31622' was renamed to 'NC@90' because of name duplication
[2026-08-28 14:18:57,097][INFO]:  KiCad Symbol Converter: Symbol pin 'VCCQ' at line '31640' was renamed to 'VCCQ@3' because of name duplication
[2026-08-28 14:18:57,097][INFO]:  KiCad Symbol Converter: Symbol pin 'VSSQ' at line '31658' was renamed to 'VSSQ@3' because of name duplication
[2026-08-28 14:18:57,097][INFO]:  KiCad Symbol Converter: Symbol pin 'NC' at line '31676' was renamed to 'NC@91' because of name duplication
[2026-08-28 14:18:57,097][INFO]:  KiCad Symbol Converter: Symbol pin 'NC' at line '31694' was renamed to 'NC@92' because of name duplication
[2026-08-28 14:18:57,097][INFO]:  KiCad Symbol Converter: Symbol pin 'NC' at line '31712' was renamed to 'NC@93' because of name duplication
[2026-08-28 14:18:57,097][INFO]:  KiCad Symbol Converter: Symbol pin 'NC' at line '31730' was renamed to 'NC@94' because of name duplication
[2026-08-28 14:18:57,097][INFO]:  KiCad Symbol Converter: Symbol pin 'NC' at line '31748' was renamed to 'NC@95' because of name duplication
[2026-08-28 14:18:57,097][INFO]:  KiCad Symbol Converter: Symbol pin 'NC' at line '31766' was renamed to 'NC@96' because of name duplication
[2026-08-28 14:18:57,097][INFO]:  KiCad Symbol Converter: Symbol pin 'NC' at line '31784' was renamed to 'NC@97' because of name duplication
[2026-08-28 14:18:57,097][INFO]:  KiCad Symbol Converter: Symbol pin 'NC' at line '31802' was renamed to 'NC@98' because of name duplication
[2026-08-28 14:18:57,097][INFO]:  KiCad Symbol Converter: Symbol pin 'NC' at line '31820' was renamed to 'NC@99' because of name duplication
[2026-08-28 14:18:57,097][INFO]:  KiCad Symbol Converter: Symbol pin 'NC' at line '31838' was renamed to 'NC@100' because of name duplication
[2026-08-28 14:18:57,097][INFO]:  KiCad Symbol Converter: Symbol pin 'NC' at line '31856' was renamed to 'NC@101' because of name duplication
[2026-08-28 14:18:57,097][INFO]:  KiCad Symbol Converter: Symbol pin 'VCCQ' at line '31874' was renamed to 'VCCQ@4' because of name duplication
[2026-08-28 14:18:57,097][INFO]:  KiCad Symbol Converter: Symbol pin 'VSSQ' at line '31892' was renamed to 'VSSQ@4' because of name duplication
[2026-08-28 14:18:57,097][INFO]:  KiCad Symbol Converter: Symbol pin 'VCCQ' at line '31910' was renamed to 'VCCQ@5' because of name duplication
[2026-08-28 14:18:57,097][INFO]:  KiCad Symbol Converter: Symbol pin 'VSSQ' at line '31928' was renamed to 'VSSQ@5' because of name duplication
[2026-08-28 14:18:57,097][INFO]:  KiCad Symbol Converter: Symbol pin 'NC' at line '31946' was renamed to 'NC@102' because of name duplication
[2026-08-28 14:18:57,097][INFO]:  KiCad Symbol Converter: Symbol pin 'NC' at line '31964' was renamed to 'NC@103' because of name duplication
[2026-08-28 14:18:57,097][INFO]:  KiCad Symbol Converter: Symbol pin 'NC' at line '31982' was renamed to 'NC@104' because of name duplication
[2026-08-28 14:18:57,097][INFO]:  KiCad Symbol Converter: Symbol pin 'VSF' at line '32000' was renamed to 'VSF@7' because of name duplication
[2026-08-28 14:18:57,097][INFO]:  KiCad Symbol Converter: Symbol pin 'NC' at line '32018' was renamed to 'NC@105' because of name duplication
[2026-08-28 14:18:57,097][INFO]:  KiCad Symbol Converter: Symbol pin 'NC' at line '32036' was renamed to 'NC@106' because of name duplication
[2026-08-28 14:18:57,097][INFO]:  KiCad Symbol Converter: Symbol pin 'NC' at line '32054' was renamed to 'NC@107' because of name duplication
[2026-08-28 14:18:57,097][INFO]:  KiCad Symbol Converter: Symbol pin 'NC' at line '32072' was renamed to 'NC@108' because of name duplication
[2026-08-28 14:18:57,102][INFO]:  KiCad Symbol Converter: Generating DeviceSet: 'FEMDRW032G-88A19' finished successfully
[2026-08-28 14:18:57,102][INFO]:  KiCad Symbol Converter: Converting KiCad symbol: 'friggineda:FEMDRW032G-88A19' finished successfully
[2026-08-28 14:18:57,102][INFO]:  KiCad Symbol Converter: Converting KiCad symbol: 'power:+1V0'
[2026-08-28 14:18:57,102][INFO]:  KiCad Symbol Converter: Generating DeviceSet: '+1V0'
[2026-08-28 14:18:57,102][INFO]:  KiCad Symbol Converter: Generating DeviceSet: '+1V0' finished successfully
[2026-08-28 14:18:57,102][INFO]:  KiCad Symbol Converter: Converting KiCad symbol: 'power:+1V0' finished successfully
[2026-08-28 14:18:57,102][INFO]:  KiCad Symbol Converter: Converting KiCad symbol: 'power:+1V1'
[2026-08-28 14:18:57,102][INFO]:  KiCad Symbol Converter: Generating DeviceSet: '+1V1'
[2026-08-28 14:18:57,102][INFO]:  KiCad Symbol Converter: Generating DeviceSet: '+1V1' finished successfully
[2026-08-28 14:18:57,102][INFO]:  KiCad Symbol Converter: Converting KiCad symbol: 'power:+1V1' finished successfully
[2026-08-28 14:18:57,102][INFO]:  KiCad Symbol Converter: Converting KiCad symbol: 'power:+1V8'
[2026-08-28 14:18:57,102][INFO]:  KiCad Symbol Converter: Generating DeviceSet: '+1V8'
[2026-08-28 14:18:57,102][INFO]:  KiCad Symbol Converter: Generating DeviceSet: '+1V8' finished successfully
[2026-08-28 14:18:57,102][INFO]:  KiCad Symbol Converter: Converting KiCad symbol: 'power:+1V8' finished successfully
[2026-08-28 14:18:57,102][INFO]:  KiCad Symbol Converter: Converting KiCad symbol: 'power:+3.3V'
[2026-08-28 14:18:57,102][INFO]:  KiCad Symbol Converter: Generating DeviceSet: '+3.3V'
[2026-08-28 14:18:57,102][INFO]:  KiCad Symbol Converter: Generating DeviceSet: '+3.3V' finished successfully
[2026-08-28 14:18:57,102][INFO]:  KiCad Symbol Converter: Converting KiCad symbol: 'power:+3.3V' finished successfully
[2026-08-28 14:18:57,102][INFO]:  KiCad Symbol Converter: Converting KiCad symbol: 'power:GND'
[2026-08-28 14:18:57,102][INFO]:  KiCad Symbol Converter: Generating DeviceSet: 'GND'
[2026-08-28 14:18:57,102][INFO]:  KiCad Symbol Converter: Generating DeviceSet: 'GND' finished successfully
[2026-08-28 14:18:57,102][INFO]:  KiCad Symbol Converter: Converting KiCad symbol: 'power:GND' finished successfully
[2026-08-28 14:18:57,102][INFO]:  Converted 16 schematic symbols
[2026-08-28 14:18:57,358][INFO]:  KiCad Schematic Converter: Attribute name 'Footprint' from line 211619 need to be changed to 'FOOTPRINT'
[2026-08-28 14:18:57,358][INFO]:  KiCad Schematic Converter: Attribute name 'Description' from line 211641 need to be changed to 'DESCRIPTION'
[2026-08-28 14:18:57,359][INFO]:  KiCad Schematic Converter: Attribute name 'Footprint' from line 211698 need to be changed to 'FOOTPRINT'
[2026-08-28 14:18:57,359][INFO]:  KiCad Schematic Converter: Attribute name 'Description' from line 211720 need to be changed to 'DESCRIPTION'
[2026-08-28 14:18:57,359][INFO]:  KiCad Schematic Converter: Attribute name 'Description' from line 211801 need to be changed to 'DESCRIPTION'
[2026-08-28 14:18:57,360][INFO]:  KiCad Schematic Converter: Attribute name 'Footprint' from line 211858 need to be changed to 'FOOTPRINT'
[2026-08-28 14:18:57,360][INFO]:  KiCad Schematic Converter: Attribute name 'Description' from line 211880 need to be changed to 'DESCRIPTION'
[2026-08-28 14:18:57,360][INFO]:  KiCad Schematic Converter: Attribute name 'Footprint' from line 211940 need to be changed to 'FOOTPRINT'
[2026-08-28 14:18:57,360][INFO]:  KiCad Schematic Converter: Attribute name 'Description' from line 211962 need to be changed to 'DESCRIPTION'
[2026-08-28 14:18:57,361][INFO]:  KiCad Schematic Converter: Attribute name 'Footprint' from line 212022 need to be changed to 'FOOTPRINT'
[2026-08-28 14:18:57,361][INFO]:  KiCad Schematic Converter: Attribute name 'Description' from line 212044 need to be changed to 'DESCRIPTION'
[2026-08-28 14:18:57,363][INFO]:  KiCad Schematic Converter: Attribute name 'Footprint' from line 212103 need to be changed to 'FOOTPRINT'
[2026-08-28 14:18:57,363][INFO]:  KiCad Schematic Converter: Attribute name 'Description' from line 212126 need to be changed to 'DESCRIPTION'
[2026-08-28 14:18:57,363][INFO]:  KiCad Schematic Converter: Attribute name 'Package' from line 212150 need to be changed to 'PACKAGE'
[2026-08-28 14:18:57,363][INFO]:  KiCad Schematic Converter: Attribute name 'Price' from line 212162 need to be changed to 'PRICE'
[2026-08-28 14:18:57,363][INFO]:  KiCad Schematic Converter: Attribute name 'SnapEDA_Link' from line 212174 need to be changed to 'SNAPEDA_LINK'
[2026-08-28 14:18:57,363][INFO]:  KiCad Schematic Converter: Attribute name 'Availability' from line 212198 need to be changed to 'AVAILABILITY'
[2026-08-28 14:18:57,363][INFO]:  KiCad Schematic Converter: Attribute name 'Check_prices' from line 212210 need to be changed to 'CHECK_PRICES'
[2026-08-28 14:18:57,366][INFO]:  KiCad Schematic Converter: Attribute name 'Footprint' from line 212330 need to be changed to 'FOOTPRINT'
[2026-08-28 14:18:57,366][INFO]:  KiCad Schematic Converter: Attribute name 'Description' from line 212352 need to be changed to 'DESCRIPTION'
[2026-08-28 14:18:57,367][INFO]:  KiCad Schematic Converter: Attribute name 'Description' from line 212433 need to be changed to 'DESCRIPTION'
[2026-08-28 14:18:57,367][INFO]:  KiCad Schematic Converter: Attribute name 'Footprint' from line 212490 need to be changed to 'FOOTPRINT'
[2026-08-28 14:18:57,367][INFO]:  KiCad Schematic Converter: Attribute name 'Description' from line 212512 need to be changed to 'DESCRIPTION'
[2026-08-28 14:18:57,368][INFO]:  KiCad Schematic Converter: Attribute name 'Footprint' from line 212572 need to be changed to 'FOOTPRINT'
[2026-08-28 14:18:57,368][INFO]:  KiCad Schematic Converter: Attribute name 'Description' from line 212594 need to be changed to 'DESCRIPTION'
[2026-08-28 14:18:57,368][INFO]:  KiCad Schematic Converter: Attribute name 'Footprint' from line 212654 need to be changed to 'FOOTPRINT'
[2026-08-28 14:18:57,368][INFO]:  KiCad Schematic Converter: Attribute name 'Description' from line 212676 need to be changed to 'DESCRIPTION'
[2026-08-28 14:18:57,369][INFO]:  KiCad Schematic Converter: Attribute name 'Footprint' from line 212736 need to be changed to 'FOOTPRINT'
[2026-08-28 14:18:57,369][INFO]:  KiCad Schematic Converter: Attribute name 'Description' from line 212758 need to be changed to 'DESCRIPTION'
[2026-08-28 14:18:57,374][INFO]:  KiCad Schematic Converter: Attribute name 'Footprint' from line 212815 need to be changed to 'FOOTPRINT'
[2026-08-28 14:18:57,374][INFO]:  KiCad Schematic Converter: Attribute name 'Datasheet' from line 212826 need to be changed to 'DATASHEET'
[2026-08-28 14:18:57,374][INFO]:  KiCad Schematic Converter: Attribute name 'Manufacturer' from line 212848 need to be changed to 'MANUFACTURER'
[2026-08-28 14:18:57,374][INFO]:  KiCad Schematic Converter: Attribute name 'LCSC Part' from line 212870 need to be changed to 'LCSC_PART'
[2026-08-28 14:18:57,445][INFO]:  KiCad Schematic Converter: Attribute name 'Description' from line 213545 need to be changed to 'DESCRIPTION'
[2026-08-28 14:18:57,446][INFO]:  KiCad Schematic Converter: Attribute name 'Footprint' from line 213602 need to be changed to 'FOOTPRINT'
[2026-08-28 14:18:57,446][INFO]:  KiCad Schematic Converter: Attribute name 'Description' from line 213624 need to be changed to 'DESCRIPTION'
[2026-08-28 14:18:57,447][INFO]:  KiCad Schematic Converter: Attribute name 'Description' from line 213705 need to be changed to 'DESCRIPTION'
[2026-08-28 14:18:57,447][INFO]:  KiCad Schematic Converter: Attribute name 'Footprint' from line 213762 need to be changed to 'FOOTPRINT'
[2026-08-28 14:18:57,447][INFO]:  KiCad Schematic Converter: Attribute name 'Description' from line 213784 need to be changed to 'DESCRIPTION'
[2026-08-28 14:18:57,448][INFO]:  KiCad Schematic Converter: Attribute name 'Footprint' from line 213844 need to be changed to 'FOOTPRINT'
[2026-08-28 14:18:57,448][INFO]:  KiCad Schematic Converter: Attribute name 'Description' from line 213866 need to be changed to 'DESCRIPTION'
[2026-08-28 14:18:57,448][INFO]:  KiCad Schematic Converter: Attribute name 'Description' from line 213947 need to be changed to 'DESCRIPTION'
[2026-08-28 14:18:57,448][INFO]:  KiCad Schematic Converter: Attribute name 'Description' from line 214025 need to be changed to 'DESCRIPTION'
[2026-08-28 14:18:57,451][INFO]:  KiCad Schematic Converter: Attribute name 'Footprint' from line 214080 need to be changed to 'FOOTPRINT'
[2026-08-28 14:18:57,451][INFO]:  KiCad Schematic Converter: Attribute name 'Datasheet' from line 214091 need to be changed to 'DATASHEET'
[2026-08-28 14:18:57,451][INFO]:  KiCad Schematic Converter: Attribute name 'Description' from line 214102 need to be changed to 'DESCRIPTION'
[2026-08-28 14:18:57,453][INFO]:  KiCad Schematic Converter: Attribute name 'Footprint' from line 214198 need to be changed to 'FOOTPRINT'
[2026-08-28 14:18:57,453][INFO]:  KiCad Schematic Converter: Attribute name 'Description' from line 214220 need to be changed to 'DESCRIPTION'
[2026-08-28 14:18:57,468][INFO]:  KiCad Schematic Converter: Attribute name 'Footprint' from line 214280 need to be changed to 'FOOTPRINT'
[2026-08-28 14:18:57,481][WARN]:  KiCad Schematic Converter: Generating net stub for unconnected implicit pin 'DDR_CH0_PLL_DVDD' of part 'U3G$8' connected to net 'DDR_CH0_PLL_DVDD'
[2026-08-28 14:18:57,486][WARN]:  KiCad Schematic Converter: Generating net stub for unconnected implicit pin 'PLL_AVDD1V8' of part 'U3G$8' connected to net 'PLL_AVDD1V8'
[2026-08-28 14:18:57,586][WARN]:  KiCad Schematic Converter: Generating net stub for unconnected implicit pin 'VCCIO5_1V8' of part 'U3G$8' connected to net 'VCCIO5_1V8'
[2026-08-28 14:18:57,741][WARN]:  KiCad Schematic Converter: Generating net stub for unconnected implicit pin 'VCCIO6_1V8' of part 'U3G$8' connected to net 'VCCIO6_1V8'
[2026-08-28 14:18:57,762][WARN]:  KiCad Schematic Converter: Generating net stub for unconnected implicit pin 'VCCIO2' of part 'U3G$8' connected to net 'VCCIO2'
[2026-08-28 14:18:57,764][WARN]:  KiCad Schematic Converter: Generating net stub for unconnected implicit pin 'VCCIO2_1V8' of part 'U3G$8' connected to net 'VCCIO2_1V8'
[2026-08-28 14:18:57,765][WARN]:  KiCad Schematic Converter: Generating net stub for unconnected implicit pin 'HDMI/eDP_TX0_VDD_IO_1V8' of part 'U3G$8' connected to net 'HDMI/EDP_TX0_VDD_IO_1V8'
[2026-08-28 14:18:57,805][WARN]:  KiCad Schematic Converter: Generating net stub for unconnected implicit pin 'HDMI/eDP_TX0_VDD_CMN_1V8' of part 'U3G$8' connected to net 'HDMI/EDP_TX0_VDD_CMN_1V8'
[2026-08-28 14:18:57,887][WARN]:  KiCad Schematic Converter: Generating net stub for unconnected implicit pin 'MIPI_CSI0_AVCC1V8' of part 'U3G$8' connected to net 'MIPI_CSI0_AVCC1V8'
[2026-08-28 14:18:57,889][WARN]:  KiCad Schematic Converter: Generating net stub for unconnected implicit pin 'MIPI_CSI0_AVCC0V75' of part 'U3G$8' connected to net 'MIPI_CSI0_AVCC0V75'
[2026-08-28 14:18:57,903][WARN]:  KiCad Schematic Converter: Generating net stub for unconnected implicit pin 'OTP_VDDOTP_0V75' of part 'U3G$8' connected to net 'OTP_VDDOTP_0V75'
[2026-08-28 14:18:57,906][WARN]:  KiCad Schematic Converter: Generating net stub for unconnected implicit pin 'HDMI/eDP_TX0_AVDD_0V75' of part 'U3G$8' connected to net 'HDMI/EDP_TX0_AVDD_0V75'
[2026-08-28 14:18:58,012][WARN]:  KiCad Schematic Converter: Generating net stub for unconnected implicit pin 'SARADC_AVDD_1V8' of part 'U3G$8' connected to net 'SARADC_AVDD_1V8'
[2026-08-28 14:18:58,091][WARN]:  KiCad Schematic Converter: Generating net stub for unconnected implicit pin 'TYPEC0_DP0_VDDH_1V8' of part 'U3G$8' connected to net 'TYPEC0_DP0_VDDH_1V8'
[2026-08-28 14:18:58,097][WARN]:  KiCad Schematic Converter: Generating net stub for unconnected implicit pin 'MIPI_D/C_PHY1_VDD' of part 'U3G$8' connected to net 'MIPI_D/C_PHY1_VDD'
[2026-08-28 14:18:58,099][WARN]:  KiCad Schematic Converter: Generating net stub for unconnected implicit pin 'MIPI_D/C_PHY1_VDD_1V8' of part 'U3G$8' connected to net 'MIPI_D/C_PHY1_VDD_1V8'
[2026-08-28 14:18:58,102][WARN]:  KiCad Schematic Converter: Generating net stub for unconnected implicit pin 'MIPI_D/C_PHY0_VDD' of part 'U3G$8' connected to net 'MIPI_D/C_PHY0_VDD'
[2026-08-28 14:18:58,105][WARN]:  KiCad Schematic Converter: Generating net stub for unconnected implicit pin 'MIPI_D/C_PHY1_VDD_1V2' of part 'U3G$8' connected to net 'MIPI_D/C_PHY1_VDD_1V2'
[2026-08-28 14:18:58,107][WARN]:  KiCad Schematic Converter: Generating net stub for unconnected implicit pin 'MIPI_D/C_PHY0_VDD_1V2' of part 'U3G$8' connected to net 'MIPI_D/C_PHY0_VDD_1V2'
[2026-08-28 14:18:58,136][WARN]:  KiCad Schematic Converter: Generating net stub for unconnected implicit pin 'USB20_AVDD_3V3' of part 'U3G$8' connected to net 'USB20_AVDD_3V3'
[2026-08-28 14:18:58,139][WARN]:  KiCad Schematic Converter: Generating net stub for unconnected implicit pin 'USB20_DVDD_0V75_1' of part 'U3G$8' connected to net 'USB20_DVDD_0V75_1'
[2026-08-28 14:18:58,141][WARN]:  KiCad Schematic Converter: Generating net stub for unconnected implicit pin 'USB20_DVDD_0V75_2' of part 'U3G$8' connected to net 'USB20_DVDD_0V75_2'
[2026-08-28 14:18:58,144][WARN]:  KiCad Schematic Converter: Generating net stub for unconnected implicit pin 'USB20_AVDD_1V8_1' of part 'U3G$8' connected to net 'USB20_AVDD_1V8_1'
[2026-08-28 14:18:58,146][WARN]:  KiCad Schematic Converter: Generating net stub for unconnected implicit pin 'USB20_AVDD_1V8_2' of part 'U3G$8' connected to net 'USB20_AVDD_1V8_2'
[2026-08-28 14:18:58,154][WARN]:  KiCad Schematic Converter: Generating net stub for unconnected implicit pin 'TYPEC0_DP0_VDD_0V85' of part 'U3G$8' connected to net 'TYPEC0_DP0_VDD_0V85'
[2026-08-28 14:18:58,181][WARN]:  KiCad Schematic Converter: Generating net stub for unconnected implicit pin 'MIPI_D/C_PHY0_VDD_1V8' of part 'U3G$8' connected to net 'MIPI_D/C_PHY0_VDD_1V8'
[2026-08-28 14:18:59,239][WARN]:  KiCad Schematic Converter: Generating net stub for unconnected implicit pin 'DDR_CH1_VDDQ_CKE' of part 'U3G$8' connected to net 'DDR_CH1_VDDQ_CKE'
[2026-08-28 14:18:59,278][WARN]:  KiCad Schematic Converter: Generating net stub for unconnected implicit pin 'VCCIO4' of part 'U3G$8' connected to net 'VCCIO4'
[2026-08-28 14:18:59,283][WARN]:  KiCad Schematic Converter: Generating net stub for unconnected implicit pin 'PCIE20_SATA30_0_AVDD_1V8' of part 'U3G$8' connected to net 'PCIE20_SATA30_0_AVDD_1V8'
[2026-08-28 14:18:59,396][WARN]:  KiCad Schematic Converter: Generating net stub for unconnected implicit pin 'DDR_CH1_VDDQ_CK' of part 'U3G$8' connected to net 'DDR_CH1_VDDQ_CK'
[2026-08-28 14:18:59,424][WARN]:  KiCad Schematic Converter: Generating net stub for unconnected implicit pin 'VCCIO1_1V8' of part 'U3G$8' connected to net 'VCCIO1_1V8'
[2026-08-28 14:18:59,428][WARN]:  KiCad Schematic Converter: Generating net stub for unconnected implicit pin 'PCIE20_SATA30_USB30_2_AVDD_1V8' of part 'U3G$8' connected to net 'PCIE20_SATA30_USB30_2_AVDD_1V8'
[2026-08-28 14:18:59,433][WARN]:  KiCad Schematic Converter: Generating net stub for unconnected implicit pin 'PCIE20_SATA30_0_AVDD_0V85' of part 'U3G$8' connected to net 'PCIE20_SATA30_0_AVDD_0V85'
[2026-08-28 14:18:59,604][WARN]:  KiCad Schematic Converter: Generating net stub for unconnected implicit pin 'PCIE20_SATA30_USB30_2_AVDD_0V85' of part 'U3G$8' connected to net 'PCIE20_SATA30_USB30_2_AVDD_0V85'
[2026-08-28 14:18:59,660][WARN]:  KiCad Schematic Converter: Generating net stub for unconnected implicit pin 'DDR_CH0_VDDQ_CK_1' of part 'U3G$8' connected to net 'DDR_CH0_VDDQ_CK_1'
[2026-08-28 14:18:59,909][WARN]:  KiCad Schematic Converter: Generating net stub for unconnected implicit pin 'DDR_CH0_VDDQ_CK_2' of part 'U3G$8' connected to net 'DDR_CH0_VDDQ_CK_2'
[2026-08-28 14:18:59,949][WARN]:  KiCad Schematic Converter: Generating net stub for unconnected implicit pin 'DDR_CH1_PLL_AVDD1V8' of part 'U3G$8' connected to net 'DDR_CH1_PLL_AVDD1V8'
[2026-08-28 14:19:00,075][WARN]:  KiCad Schematic Converter: Generating net stub for unconnected implicit pin 'DDR_CH0_VDDQ_CKE_1' of part 'U3G$8' connected to net 'DDR_CH0_VDDQ_CKE_1'
[2026-08-28 14:19:00,080][WARN]:  KiCad Schematic Converter: Generating net stub for unconnected implicit pin 'DDR_CH0_VDDQ_CKE_2' of part 'U3G$8' connected to net 'DDR_CH0_VDDQ_CKE_2'
[2026-08-28 14:19:00,130][WARN]:  KiCad Schematic Converter: Generating net stub for unconnected implicit pin 'DDR_CH1_PLL_DVDD' of part 'U3G$8' connected to net 'DDR_CH1_PLL_DVDD'
[2026-08-28 14:19:01,948][WARN]:  KiCad Schematic Converter: Generating net stub for unconnected implicit pin 'DDR_CH0_PLL_AVDD1V8' of part 'U3G$8' connected to net 'DDR_CH0_PLL_AVDD1V8'
[2026-08-28 14:19:02,032][WARN]:  KiCad Schematic Converter: Generating net stub for unconnected implicit pin 'PLL_DVDD0V75' of part 'U3G$8' connected to net 'PLL_DVDD0V75'
[2026-08-28 14:19:02,111][INFO]:  KiCad Schematic Converter: Attribute name 'Description' from line 218137 need to be changed to 'DESCRIPTION'
[2026-08-28 14:19:02,113][INFO]:  KiCad Schematic Converter: Attribute name 'Footprint' from line 218194 need to be changed to 'FOOTPRINT'
[2026-08-28 14:19:02,113][INFO]:  KiCad Schematic Converter: Attribute name 'Description' from line 218216 need to be changed to 'DESCRIPTION'
[2026-08-28 14:19:02,113][INFO]:  KiCad Schematic Converter: Attribute name 'Footprint' from line 218276 need to be changed to 'FOOTPRINT'
[2026-08-28 14:19:02,113][INFO]:  KiCad Schematic Converter: Attribute name 'Description' from line 218298 need to be changed to 'DESCRIPTION'
[2026-08-28 14:19:02,114][INFO]:  KiCad Schematic Converter: Attribute name 'Footprint' from line 218358 need to be changed to 'FOOTPRINT'
[2026-08-28 14:19:02,117][INFO]:  KiCad Schematic Converter: Attribute name 'Footprint' from line 222195 need to be changed to 'FOOTPRINT'
[2026-08-28 14:19:02,117][INFO]:  KiCad Schematic Converter: Attribute name 'Description' from line 222217 need to be changed to 'DESCRIPTION'
[2026-08-28 14:19:02,117][INFO]:  KiCad Schematic Converter: Attribute name 'Footprint' from line 222277 need to be changed to 'FOOTPRINT'
[2026-08-28 14:19:02,118][INFO]:  KiCad Schematic Converter: Attribute name 'Description' from line 222299 need to be changed to 'DESCRIPTION'
[2026-08-28 14:19:02,118][INFO]:  KiCad Schematic Converter: Attribute name 'Description' from line 222380 need to be changed to 'DESCRIPTION'
[2026-08-28 14:19:02,119][INFO]:  KiCad Schematic Converter: Attribute name 'Footprint' from line 222434 need to be changed to 'FOOTPRINT'
[2026-08-28 14:19:02,119][INFO]:  KiCad Schematic Converter: Attribute name 'Description' from line 222456 need to be changed to 'DESCRIPTION'
[2026-08-28 14:19:02,120][INFO]:  KiCad Schematic Converter: Attribute name 'Footprint' from line 222513 need to be changed to 'FOOTPRINT'
[2026-08-28 14:19:02,120][INFO]:  KiCad Schematic Converter: Attribute name 'Description' from line 222535 need to be changed to 'DESCRIPTION'
[2026-08-28 14:19:02,121][INFO]:  KiCad Schematic Converter: Attribute name 'Description' from line 222617 need to be changed to 'DESCRIPTION'
[2026-08-28 14:19:02,122][INFO]:  KiCad Schematic Converter: Attribute name 'Footprint' from line 222671 need to be changed to 'FOOTPRINT'
[2026-08-28 14:19:02,122][INFO]:  KiCad Schematic Converter: Attribute name 'Description' from line 222693 need to be changed to 'DESCRIPTION'
[2026-08-28 14:19:02,122][INFO]:  KiCad Schematic Converter: Attribute name 'Sim.Pins' from line 222704 need to be changed to 'SIM_PINS'
[2026-08-28 14:19:02,123][INFO]:  KiCad Schematic Converter: Attribute name 'Footprint' from line 222764 need to be changed to 'FOOTPRINT'
[2026-08-28 14:19:02,144][INFO]:  KiCad Schematic Converter: Attribute name 'Footprint' from line 226600 need to be changed to 'FOOTPRINT'
[2026-08-28 14:19:02,144][INFO]:  KiCad Schematic Converter: Attribute name 'Description' from line 226622 need to be changed to 'DESCRIPTION'
[2026-08-28 14:19:02,144][INFO]:  KiCad Schematic Converter: Attribute name 'Footprint' from line 226682 need to be changed to 'FOOTPRINT'
[2026-08-28 14:19:02,144][INFO]:  KiCad Schematic Converter: Attribute name 'Description' from line 226704 need to be changed to 'DESCRIPTION'
[2026-08-28 14:19:02,145][INFO]:  KiCad Schematic Converter: Attribute name 'Footprint' from line 226764 need to be changed to 'FOOTPRINT'
[2026-08-28 14:19:02,145][INFO]:  KiCad Schematic Converter: Attribute name 'Description' from line 226786 need to be changed to 'DESCRIPTION'
[2026-08-28 14:19:02,146][INFO]:  KiCad Schematic Converter: Attribute name 'Description' from line 226866 need to be changed to 'DESCRIPTION'
[2026-08-28 14:19:02,147][INFO]:  KiCad Schematic Converter: Attribute name 'Footprint' from line 226923 need to be changed to 'FOOTPRINT'
[2026-08-28 14:19:02,166][INFO]:  KiCad Schematic Converter: Attribute name 'Footprint' from line 230760 need to be changed to 'FOOTPRINT'
[2026-08-28 14:19:02,166][INFO]:  KiCad Schematic Converter: Attribute name 'Description' from line 230782 need to be changed to 'DESCRIPTION'
[2026-08-28 14:19:02,166][INFO]:  KiCad Schematic Converter: Attribute name 'Description' from line 230863 need to be changed to 'DESCRIPTION'
[2026-08-28 14:19:02,167][INFO]:  KiCad Schematic Converter: Attribute name 'Footprint' from line 230920 need to be changed to 'FOOTPRINT'
[2026-08-28 14:19:02,167][INFO]:  KiCad Schematic Converter: Attribute name 'Description' from line 230942 need to be changed to 'DESCRIPTION'
[2026-08-28 14:19:02,168][INFO]:  KiCad Schematic Converter: Attribute name 'Description' from line 231023 need to be changed to 'DESCRIPTION'
[2026-08-28 14:19:02,169][INFO]:  KiCad Schematic Converter: Attribute name 'Description' from line 231101 need to be changed to 'DESCRIPTION'
[2026-08-28 14:19:02,170][INFO]:  KiCad Schematic Converter: Attribute name 'Footprint' from line 231156 need to be changed to 'FOOTPRINT'
[2026-08-28 14:19:02,175][INFO]:  KiCad Schematic Converter: Attribute name 'Description' from line 235014 need to be changed to 'DESCRIPTION'
[2026-08-28 14:19:02,176][INFO]:  KiCad Schematic Converter: Attribute name 'Footprint' from line 235069 need to be changed to 'FOOTPRINT'
[2026-08-28 14:19:02,179][INFO]:  KiCad Schematic Converter: Attribute name 'Description' from line 238927 need to be changed to 'DESCRIPTION'
[2026-08-28 14:19:02,180][INFO]:  KiCad Schematic Converter: Attribute name 'Description' from line 239005 need to be changed to 'DESCRIPTION'
[2026-08-28 14:19:02,181][INFO]:  KiCad Schematic Converter: Attribute name 'Footprint' from line 239062 need to be changed to 'FOOTPRINT'
[2026-08-28 14:19:02,181][INFO]:  KiCad Schematic Converter: Attribute name 'Description' from line 239084 need to be changed to 'DESCRIPTION'
[2026-08-28 14:19:02,181][INFO]:  KiCad Schematic Converter: Attribute name 'Description' from line 239166 need to be changed to 'DESCRIPTION'
[2026-08-28 14:19:02,182][INFO]:  KiCad Schematic Converter: Attribute name 'Footprint' from line 239223 need to be changed to 'FOOTPRINT'
[2026-08-28 14:19:02,182][INFO]:  KiCad Schematic Converter: Attribute name 'Description' from line 239245 need to be changed to 'DESCRIPTION'
[2026-08-28 14:19:02,182][INFO]:  KiCad Schematic Converter: Attribute name 'Footprint' from line 239305 need to be changed to 'FOOTPRINT'
[2026-08-28 14:19:02,182][INFO]:  KiCad Schematic Converter: Attribute name 'Description' from line 239327 need to be changed to 'DESCRIPTION'
[2026-08-28 14:19:02,183][INFO]:  KiCad Schematic Converter: Attribute name 'Footprint' from line 239387 need to be changed to 'FOOTPRINT'
[2026-08-28 14:19:02,183][INFO]:  KiCad Schematic Converter: Attribute name 'Description' from line 239409 need to be changed to 'DESCRIPTION'
[2026-08-28 14:19:02,184][INFO]:  KiCad Schematic Converter: Attribute name 'Footprint' from line 239469 need to be changed to 'FOOTPRINT'
[2026-08-28 14:19:02,184][INFO]:  KiCad Schematic Converter: Attribute name 'Description' from line 239491 need to be changed to 'DESCRIPTION'
[2026-08-28 14:19:02,185][INFO]:  KiCad Schematic Converter: Attribute name 'Footprint' from line 239551 need to be changed to 'FOOTPRINT'
[2026-08-28 14:19:02,185][INFO]:  KiCad Schematic Converter: Attribute name 'Description' from line 239573 need to be changed to 'DESCRIPTION'
[2026-08-28 14:19:02,185][INFO]:  KiCad Schematic Converter: Attribute name 'Footprint' from line 239630 need to be changed to 'FOOTPRINT'
[2026-08-28 14:19:02,185][INFO]:  KiCad Schematic Converter: Attribute name 'Description' from line 239652 need to be changed to 'DESCRIPTION'
[2026-08-28 14:19:02,186][INFO]:  KiCad Schematic Converter: Attribute name 'Footprint' from line 239712 need to be changed to 'FOOTPRINT'
[2026-08-28 14:19:02,186][INFO]:  KiCad Schematic Converter: Attribute name 'Description' from line 239734 need to be changed to 'DESCRIPTION'
[2026-08-28 14:19:02,187][INFO]:  KiCad Schematic Converter: Attribute name 'Footprint' from line 239794 need to be changed to 'FOOTPRINT'
[2026-08-28 14:19:02,187][INFO]:  KiCad Schematic Converter: Attribute name 'Description' from line 239816 need to be changed to 'DESCRIPTION'
[2026-08-28 14:19:02,187][INFO]:  KiCad Schematic Converter: Attribute name 'Description' from line 239897 need to be changed to 'DESCRIPTION'
[2026-08-28 14:19:02,188][INFO]:  KiCad Schematic Converter: Attribute name 'Footprint' from line 239953 need to be changed to 'FOOTPRINT'
[2026-08-28 14:19:02,188][INFO]:  KiCad Schematic Converter: Attribute name 'Description' from line 239975 need to be changed to 'DESCRIPTION'
[2026-08-28 14:19:02,189][INFO]:  KiCad Schematic Converter: Attribute name 'Description' from line 240056 need to be changed to 'DESCRIPTION'
[2026-08-28 14:19:02,190][INFO]:  KiCad Schematic Converter: Attribute name 'Footprint' from line 240110 need to be changed to 'FOOTPRINT'
[2026-08-28 14:19:02,190][INFO]:  KiCad Schematic Converter: Attribute name 'Description' from line 240132 need to be changed to 'DESCRIPTION'
[2026-08-28 14:19:02,190][INFO]:  KiCad Schematic Converter: Attribute name 'Description' from line 240213 need to be changed to 'DESCRIPTION'
[2026-08-28 14:19:02,192][INFO]:  KiCad Schematic Converter: Attribute name 'Footprint' from line 240270 need to be changed to 'FOOTPRINT'
[2026-08-28 14:19:02,192][INFO]:  KiCad Schematic Converter: Attribute name 'Description' from line 240292 need to be changed to 'DESCRIPTION'
[2026-08-28 14:19:02,192][INFO]:  KiCad Schematic Converter: Attribute name 'Footprint' from line 240352 need to be changed to 'FOOTPRINT'
[2026-08-28 14:19:02,192][INFO]:  KiCad Schematic Converter: Attribute name 'Description' from line 240374 need to be changed to 'DESCRIPTION'
[2026-08-28 14:19:02,193][INFO]:  KiCad Schematic Converter: Attribute name 'Footprint' from line 240434 need to be changed to 'FOOTPRINT'
[2026-08-28 14:19:02,209][INFO]:  KiCad Schematic Converter: Attribute name 'Footprint' from line 244269 need to be changed to 'FOOTPRINT'
[2026-08-28 14:19:02,209][INFO]:  KiCad Schematic Converter: Attribute name 'Description' from line 244291 need to be changed to 'DESCRIPTION'
[2026-08-28 14:19:02,209][INFO]:  KiCad Schematic Converter: Attribute name 'Footprint' from line 244351 need to be changed to 'FOOTPRINT'
[2026-08-28 14:19:02,209][INFO]:  KiCad Schematic Converter: Attribute name 'Description' from line 244373 need to be changed to 'DESCRIPTION'
[2026-08-28 14:19:02,211][INFO]:  KiCad Schematic Converter: Attribute name 'Footprint' from line 244433 need to be changed to 'FOOTPRINT'
[2026-08-28 14:19:02,232][INFO]:  KiCad Schematic Converter: Attribute name 'Description' from line 248291 need to be changed to 'DESCRIPTION'
[2026-08-28 14:19:02,233][INFO]:  KiCad Schematic Converter: Attribute name 'Description' from line 248369 need to be changed to 'DESCRIPTION'
[2026-08-28 14:19:02,235][INFO]:  KiCad Schematic Converter: Attribute name 'Description' from line 248447 need to be changed to 'DESCRIPTION'
[2026-08-28 14:19:02,236][INFO]:  KiCad Schematic Converter: Attribute name 'Description' from line 248525 need to be changed to 'DESCRIPTION'
[2026-08-28 14:19:02,237][INFO]:  KiCad Schematic Converter: Attribute name 'Footprint' from line 248582 need to be changed to 'FOOTPRINT'
[2026-08-28 14:19:02,237][INFO]:  KiCad Schematic Converter: Attribute name 'Description' from line 248604 need to be changed to 'DESCRIPTION'
[2026-08-28 14:19:02,238][INFO]:  KiCad Schematic Converter: Attribute name 'Footprint' from line 248664 need to be changed to 'FOOTPRINT'
[2026-08-28 14:19:02,238][INFO]:  KiCad Schematic Converter: Attribute name 'Description' from line 248686 need to be changed to 'DESCRIPTION'
[2026-08-28 14:19:02,238][INFO]:  KiCad Schematic Converter: Attribute name 'Description' from line 248767 need to be changed to 'DESCRIPTION'
[2026-08-28 14:19:02,239][INFO]:  KiCad Schematic Converter: Attribute name 'Footprint' from line 248824 need to be changed to 'FOOTPRINT'
[2026-08-28 14:19:02,240][INFO]:  KiCad Schematic Converter: Attribute name 'Description' from line 248846 need to be changed to 'DESCRIPTION'
[2026-08-28 14:19:02,243][INFO]:  KiCad Schematic Converter: Attribute name 'Footprint' from line 248904 need to be changed to 'FOOTPRINT'
[2026-08-28 14:19:02,243][INFO]:  KiCad Schematic Converter: Attribute name 'Datasheet' from line 248915 need to be changed to 'DATASHEET'
[2026-08-28 14:19:02,243][INFO]:  KiCad Schematic Converter: Attribute name 'Manufacturer' from line 248937 need to be changed to 'MANUFACTURER'
[2026-08-28 14:19:02,244][INFO]:  KiCad Schematic Converter: Attribute name 'LCSC Part' from line 248959 need to be changed to 'LCSC_PART'
[2026-08-28 14:19:02,282][INFO]:  KiCad Schematic Converter: Attribute name 'Description' from line 249493 need to be changed to 'DESCRIPTION'
[2026-08-28 14:19:02,284][INFO]:  KiCad Schematic Converter: Attribute name 'Footprint' from line 249549 need to be changed to 'FOOTPRINT'
[2026-08-28 14:19:02,284][INFO]:  KiCad Schematic Converter: Attribute name 'Description' from line 249571 need to be changed to 'DESCRIPTION'
[2026-08-28 14:19:02,284][INFO]:  KiCad Schematic Converter: Attribute name 'Footprint' from line 249630 need to be changed to 'FOOTPRINT'
[2026-08-28 14:19:02,284][INFO]:  KiCad Schematic Converter: Attribute name 'Description' from line 249652 need to be changed to 'DESCRIPTION'
[2026-08-28 14:19:02,285][INFO]:  KiCad Schematic Converter: Attribute name 'Footprint' from line 249712 need to be changed to 'FOOTPRINT'
[2026-08-28 14:19:02,285][INFO]:  KiCad Schematic Converter: Attribute name 'Description' from line 249734 need to be changed to 'DESCRIPTION'
[2026-08-28 14:19:02,286][INFO]:  KiCad Schematic Converter: Attribute name 'Footprint' from line 249793 need to be changed to 'FOOTPRINT'
[2026-08-28 14:19:02,286][INFO]:  KiCad Schematic Converter: Attribute name 'Datasheet' from line 249804 need to be changed to 'DATASHEET'
[2026-08-28 14:19:02,286][INFO]:  KiCad Schematic Converter: Attribute name 'Description' from line 249815 need to be changed to 'DESCRIPTION'
[2026-08-28 14:19:02,287][INFO]:  KiCad Schematic Converter: Attribute name 'Description' from line 249899 need to be changed to 'DESCRIPTION'
[2026-08-28 14:19:02,288][INFO]:  KiCad Schematic Converter: Attribute name 'Footprint' from line 249956 need to be changed to 'FOOTPRINT'
[2026-08-28 14:19:02,288][INFO]:  KiCad Schematic Converter: Attribute name 'Description' from line 249978 need to be changed to 'DESCRIPTION'
[2026-08-28 14:19:02,289][INFO]:  KiCad Schematic Converter: Attribute name 'Footprint' from line 250035 need to be changed to 'FOOTPRINT'
[2026-08-28 14:19:02,289][INFO]:  KiCad Schematic Converter: Attribute name 'Description' from line 250057 need to be changed to 'DESCRIPTION'
[2026-08-28 14:19:02,290][INFO]:  KiCad Schematic Converter: Attribute name 'Description' from line 250138 need to be changed to 'DESCRIPTION'
[2026-08-28 14:19:02,290][INFO]:  KiCad Schematic Converter: Attribute name 'Footprint' from line 250195 need to be changed to 'FOOTPRINT'
[2026-08-28 14:19:02,290][INFO]:  KiCad Schematic Converter: Attribute name 'Description' from line 250217 need to be changed to 'DESCRIPTION'
[2026-08-28 14:19:02,291][INFO]:  KiCad Schematic Converter: Attribute name 'Footprint' from line 250277 need to be changed to 'FOOTPRINT'
[2026-08-28 14:19:02,291][INFO]:  KiCad Schematic Converter: Attribute name 'Description' from line 250299 need to be changed to 'DESCRIPTION'
[2026-08-28 14:19:02,292][INFO]:  KiCad Schematic Converter: Attribute name 'Description' from line 250380 need to be changed to 'DESCRIPTION'
[2026-08-28 14:19:02,293][INFO]:  KiCad Schematic Converter: Attribute name 'Footprint' from line 250437 need to be changed to 'FOOTPRINT'
[2026-08-28 14:19:02,301][INFO]:  KiCad Schematic Converter: Attribute name 'Footprint' from line 254274 need to be changed to 'FOOTPRINT'
[2026-08-28 14:19:02,301][INFO]:  KiCad Schematic Converter: Attribute name 'Description' from line 254296 need to be changed to 'DESCRIPTION'
[2026-08-28 14:19:02,302][INFO]:  KiCad Schematic Converter: Attribute name 'Footprint' from line 254356 need to be changed to 'FOOTPRINT'
[2026-08-28 14:19:02,311][INFO]:  KiCad Schematic Converter: Attribute name 'Footprint' from line 258192 need to be changed to 'FOOTPRINT'
[2026-08-28 14:19:02,311][INFO]:  KiCad Schematic Converter: Attribute name 'Description' from line 258214 need to be changed to 'DESCRIPTION'
[2026-08-28 14:19:02,311][INFO]:  KiCad Schematic Converter: Attribute name 'Footprint' from line 258274 need to be changed to 'FOOTPRINT'
[2026-08-28 14:19:02,311][INFO]:  KiCad Schematic Converter: Attribute name 'Description' from line 258296 need to be changed to 'DESCRIPTION'
[2026-08-28 14:19:03,526][INFO]:  Finished processing document: 'C:/Users/nanaimoBurger/Documents/kiced/stemthortyto/stemthortyto.kicad_sch'
[2026-08-28 14:19:03,526][INFO]:  Processing documents list finished
[2026-08-28 14:19:03,526][INFO]:  KiCad Importer Post Processor: Postprocessing imported schematic
[2026-08-28 14:19:03,526][INFO]:  KiCad Importer Post Processor: Processing power nets merge
[2026-08-28 14:19:03,526][WARN]:  KiCad Importer Post Processor: Net '+0V6' will be merged with net 'ZQ0'
[2026-08-28 14:19:03,527][INFO]:  KiCad Importer Post Processor: Processing power nets merge finished
[2026-08-28 14:19:03,527][INFO]:  KiCad Importer Post Processor: Postprocessing imported schematic finished
[2026-08-28 14:19:03,527][INFO]:  KiCad Importer Post Processor: Postprocessing imported design
[2026-08-28 14:19:03,527][INFO]:  KiCad Importer Post Processor: Processing board components
[2026-08-28 14:19:03,527][INFO]:  KiCad Importer Post Processor: Package 'C_0201_0603METRIC' was moved from library 'Capacitor_SMD' to 'Device' as 'CAPACITOR_SMD_C_0201_0603METRIC'
[2026-08-28 14:19:03,527][INFO]:  KiCad Importer Post Processor: Package 'R_0402_1005METRIC' was moved from library 'Resistor_SMD' to 'Device' as 'RESISTOR_SMD_R_0402_1005METRIC'
[2026-08-28 14:19:03,529][INFO]:  KiCad Importer Post Processor: Package 'C_01005_0402METRIC' was moved from library 'Capacitor_SMD' to 'Device' as 'CAPACITOR_SMD_C_01005_0402METRIC'
[2026-08-28 14:19:03,529][INFO]:  KiCad Importer Post Processor: Package 'SOT-89-3' was moved from library 'Package_TO_SOT_SMD' to 'Transistor_BJT' as 'PACKAGE_TO_SOT_SMD_SOT-89-3'
[2026-08-28 14:19:03,534][INFO]:  KiCad Importer Post Processor: Package 'FBGA-153_L13.0-W11.5-P0.50_KLMAG1JETD-B041' was moved from library 'easyeda2kicad' to 'friggineda' as 'EASYEDA2KICAD_FBGA-153_L13.0-W11.5-P0.50_KLMAG1JETD-B041'
[2026-08-28 14:19:03,537][INFO]:  KiCad Importer Post Processor: Package 'LGA-14_3X5MM_P0.8MM_LAYOUTBORDER1X6Y' was moved from library 'Package_LGA' to 'Sensor_Motion' as 'PACKAGE_LGA_LGA-14_3X5MM_P0.8MM_LAYOUTBORDER1X6Y'
[2026-08-28 14:19:03,540][INFO]:  KiCad Importer Post Processor: Package 'WIRELM-SMD_E22-900M22S' was moved from library 'e22' to 'E22-900M22S' as 'E22_WIRELM-SMD_E22-900M22S'
[2026-08-28 14:19:03,544][INFO]:  KiCad Importer Post Processor: Package 'LED_0603_1608METRIC' was moved from library 'LED_SMD' to 'Device' as 'LED_SMD_LED_0603_1608METRIC'
[2026-08-28 14:19:03,544][INFO]:  KiCad Importer Post Processor: Processing board components finished
[2026-08-28 14:19:03,544][INFO]:  KiCad Importer Post Processor: Processing board nets
[2026-08-28 14:19:03,645][INFO]:  KiCad Importer Post Processor: Processing board nets finished
[2026-08-28 14:19:03,645][INFO]:  KiCad Importer Post Processor: Processing net classes
[2026-08-28 14:19:03,646][INFO]:  KiCad Importer Post Processor: Processing net classes finished
[2026-08-28 14:19:03,646][INFO]:  KiCad Importer Post Processor: Postprocessing imported design finished
[2026-08-28 14:19:03,698][INFO]:  Import finished
